CONNECT ATBM_QLNV/team18@//localhost:1521/ATBM_QLNV_PDB;
--ALTER SESSION SET CURRENT_SCHEMA=ATBM_QLNV;
-- PHONGBAN DATA
DELETE FROM PHONGBAN;
insert into PHONGBAN (MAPB, TENPB, TRPHG) values ('MJYWO', 'Gobernador Horacio Guzman International Airport', null);
insert into PHONGBAN (MAPB, TENPB, TRPHG) values ('RMGSC', 'Caleta Olivia Airport', null);
insert into PHONGBAN (MAPB, TENPB, TRPHG) values ('DYRZF', 'Kirsch Municipal Airport', null);
insert into PHONGBAN (MAPB, TENPB, TRPHG) values ('XTPAP', 'Young Airport', null);
insert into PHONGBAN (MAPB, TENPB, TRPHG) values ('XQEYO', 'Casigua El Cubo Airport', null);
insert into PHONGBAN (MAPB, TENPB, TRPHG) values ('JNHJJ', 'General Juan N Alvarez International Airport', null);
insert into PHONGBAN (MAPB, TENPB, TRPHG) values ('ESDPQ', 'Zadar Airport', null);
insert into PHONGBAN (MAPB, TENPB, TRPHG) values ('HDKMI', 'Mount Swan Airport', null);

DELETE FROM NHANVIEN;

-- EMPLOYEE DATA ROLE "QL truc tiep"
insert into NHANVIEN (MANV, TENNV, PHAI, NGAYSINH, DIACHI, SODT, LUONG, PHUCAP, VAITRO, MANQL, PHG) values ('255', 'Nickey Fassman', 'male', TO_DATE('2022/07/31', 'YYYY/MM/DD'), '9 Express Park', '1748828270', 2665, 1168, 'Nhan vien', null, 'XQEYO');
insert into NHANVIEN (MANV, TENNV, PHAI, NGAYSINH, DIACHI, SODT, LUONG, PHUCAP, VAITRO, MANQL, PHG) values ('256', 'Patricio Gawthorp', 'private', TO_DATE('2023/03/26', 'YYYY/MM/DD'), '97082 Maple Wood Trail', '9103190762', 6069, 2073, 'Nhan vien', null, 'XTPAP');
insert into NHANVIEN (MANV, TENNV, PHAI, NGAYSINH, DIACHI, SODT, LUONG, PHUCAP, VAITRO, MANQL, PHG) values ('257', 'Gard Piddocke', 'male', TO_DATE('2021/10/19', 'YYYY/MM/DD'), '86669 Russell Avenue', '4313379084', 2755, 1006, 'Nhan vien', null, 'JNHJJ');
insert into NHANVIEN (MANV, TENNV, PHAI, NGAYSINH, DIACHI, SODT, LUONG, PHUCAP, VAITRO, MANQL, PHG) values ('258', 'Raeann Chipps', 'private', TO_DATE('2022/05/15', 'YYYY/MM/DD'), '67519 Dottie Circle', '9956671488', 5708, 814, 'Nhan vien', null, 'RMGSC');
insert into NHANVIEN (MANV, TENNV, PHAI, NGAYSINH, DIACHI, SODT, LUONG, PHUCAP, VAITRO, MANQL, PHG) values ('259', 'Lil Pleasants', 'private', TO_DATE('2021/11/21', 'YYYY/MM/DD'), '47722 Lawn Lane', '3219787629', 3157, 2679, 'Nhan vien', null, 'XTPAP');
insert into NHANVIEN (MANV, TENNV, PHAI, NGAYSINH, DIACHI, SODT, LUONG, PHUCAP, VAITRO, MANQL, PHG) values ('260', 'Merrie Leban', 'private', TO_DATE('2021/03/18', 'YYYY/MM/DD'), '58552 Tennyson Court', '3471070076', 2548, 1851, 'Nhan vien', null, 'RMGSC');
insert into NHANVIEN (MANV, TENNV, PHAI, NGAYSINH, DIACHI, SODT, LUONG, PHUCAP, VAITRO, MANQL, PHG) values ('261', 'Fabian Everingham', 'male', TO_DATE('2020/09/09', 'YYYY/MM/DD'), '05 Florence Hill', '8229692148', 3594, 1438, 'Nhan vien', null, 'ESDPQ');
insert into NHANVIEN (MANV, TENNV, PHAI, NGAYSINH, DIACHI, SODT, LUONG, PHUCAP, VAITRO, MANQL, PHG) values ('262', 'Teressa Borles', 'male', TO_DATE('2020/10/09', 'YYYY/MM/DD'), '3074 Corben Pass', '2993427518', 3153, 2858, 'Nhan vien', null, 'RMGSC');
insert into NHANVIEN (MANV, TENNV, PHAI, NGAYSINH, DIACHI, SODT, LUONG, PHUCAP, VAITRO, MANQL, PHG) values ('263', 'Yardley Spendley', 'private', TO_DATE('2022/04/19', 'YYYY/MM/DD'), '03 Brickson Park Parkway', '4118954113', 7515, 4715, 'Nhan vien', null, 'HDKMI');
insert into NHANVIEN (MANV, TENNV, PHAI, NGAYSINH, DIACHI, SODT, LUONG, PHUCAP, VAITRO, MANQL, PHG) values ('264', 'Babs Pennycook', 'private', TO_DATE('2022/10/20', 'YYYY/MM/DD'), '20 Oak Center', '6448418712', 2172, 1758, 'Nhan vien', null, 'JNHJJ');
insert into NHANVIEN (MANV, TENNV, PHAI, NGAYSINH, DIACHI, SODT, LUONG, PHUCAP, VAITRO, MANQL, PHG) values ('265', 'Marissa Semarke', 'male', TO_DATE('2021/05/14', 'YYYY/MM/DD'), '07 Waywood Road', '9157195738', 9587, 4688, 'Nhan vien', null, 'XTPAP');
insert into NHANVIEN (MANV, TENNV, PHAI, NGAYSINH, DIACHI, SODT, LUONG, PHUCAP, VAITRO, MANQL, PHG) values ('266', 'Tiffie Iapico', 'female', TO_DATE('2021/08/31', 'YYYY/MM/DD'), '7 Weeping Birch Trail', '8114967219', 1702, 4426, 'Nhan vien', null, 'RMGSC');
insert into NHANVIEN (MANV, TENNV, PHAI, NGAYSINH, DIACHI, SODT, LUONG, PHUCAP, VAITRO, MANQL, PHG) values ('267', 'Teodoor Wreakes', 'male', TO_DATE('2021/03/06', 'YYYY/MM/DD'), '8 Village Green Park', '6799832489', 7784, 1418, 'Nhan vien', null, 'RMGSC');
insert into NHANVIEN (MANV, TENNV, PHAI, NGAYSINH, DIACHI, SODT, LUONG, PHUCAP, VAITRO, MANQL, PHG) values ('268', 'Janeen Barkworth', 'male', TO_DATE('2021/05/20', 'YYYY/MM/DD'), '37 Sunnyside Street', '6516664990', 9799, 2244, 'Nhan vien', null, 'MJYWO');
insert into NHANVIEN (MANV, TENNV, PHAI, NGAYSINH, DIACHI, SODT, LUONG, PHUCAP, VAITRO, MANQL, PHG) values ('269', 'Shara Po', 'female', TO_DATE('2021/04/10', 'YYYY/MM/DD'), '71973 Graedel Plaza', '9591299078', 964, 2546, 'Nhan vien', null, 'XTPAP');
insert into NHANVIEN (MANV, TENNV, PHAI, NGAYSINH, DIACHI, SODT, LUONG, PHUCAP, VAITRO, MANQL, PHG) values ('270', 'Sianna Croall', 'female', TO_DATE('2021/07/09', 'YYYY/MM/DD'), '40926 Hallows Junction', '6782385303', 5648, 4559, 'Nhan vien', null, 'ESDPQ');
insert into NHANVIEN (MANV, TENNV, PHAI, NGAYSINH, DIACHI, SODT, LUONG, PHUCAP, VAITRO, MANQL, PHG) values ('271', 'Rosamund Sorrill', 'male', TO_DATE('2020/10/15', 'YYYY/MM/DD'), '8350 Chinook Pass', '3315796155', 5585, 1868, 'Nhan vien', null, 'JNHJJ');
insert into NHANVIEN (MANV, TENNV, PHAI, NGAYSINH, DIACHI, SODT, LUONG, PHUCAP, VAITRO, MANQL, PHG) values ('272', 'Brooks MacGille', 'male', TO_DATE('2022/06/14', 'YYYY/MM/DD'), '5 Garrison Plaza', '2503946397', 6034, 2869, 'Nhan vien', null, 'XTPAP');
insert into NHANVIEN (MANV, TENNV, PHAI, NGAYSINH, DIACHI, SODT, LUONG, PHUCAP, VAITRO, MANQL, PHG) values ('273', 'Conan Bryns', 'male', TO_DATE('2020/11/11', 'YYYY/MM/DD'), '6 Lakewood Gardens Court', '7361468917', 8343, 3588, 'Nhan vien', null, 'XQEYO');
insert into NHANVIEN (MANV, TENNV, PHAI, NGAYSINH, DIACHI, SODT, LUONG, PHUCAP, VAITRO, MANQL, PHG) values ('274', 'Birgit St. Leger', 'male', TO_DATE('2022/10/23', 'YYYY/MM/DD'), '48 Comanche Alley', '8231538823', 5258, 4108, 'Nhan vien', null, 'XTPAP');

-- EMPLOYEE DATA ROLE "Nhan vien"
insert into NHANVIEN (MANV, TENNV, PHAI, NGAYSINH, DIACHI, SODT, LUONG, PHUCAP, VAITRO, MANQL, PHG) values ('001', 'Nevins Anthoney', 'male', TO_DATE('2021/05/03', 'YYYY/MM/DD'), '46 Barby Avenue', '4897604062', 707, 2408, 'Nhan vien', '255', 'XTPAP');
insert into NHANVIEN (MANV, TENNV, PHAI, NGAYSINH, DIACHI, SODT, LUONG, PHUCAP, VAITRO, MANQL, PHG) values ('002', 'Francis Morteo', 'male', TO_DATE('2021/05/29', 'YYYY/MM/DD'), '6666 Almo Road', '9784796527', 1184, 1837, 'Nhan vien', '256', 'MJYWO');
insert into NHANVIEN (MANV, TENNV, PHAI, NGAYSINH, DIACHI, SODT, LUONG, PHUCAP, VAITRO, MANQL, PHG) values ('003', 'Carson Richardes', 'private', TO_DATE('2022/08/06', 'YYYY/MM/DD'), '1 Anzinger Court', '3129953893', 3827, 2369, 'Nhan vien', '261', 'HDKMI');
insert into NHANVIEN (MANV, TENNV, PHAI, NGAYSINH, DIACHI, SODT, LUONG, PHUCAP, VAITRO, MANQL, PHG) values ('004', 'Lorne Lightoller', 'private', TO_DATE('2021/03/22', 'YYYY/MM/DD'), '2 Moulton Terrace', '5315107242', 7065, 1393, 'Nhan vien', '263', 'MJYWO');
insert into NHANVIEN (MANV, TENNV, PHAI, NGAYSINH, DIACHI, SODT, LUONG, PHUCAP, VAITRO, MANQL, PHG) values ('005', 'Auria Cail', 'female', TO_DATE('2022/10/06', 'YYYY/MM/DD'), '49 Pearson Hill', '7075221912', 5811, 3087, 'Nhan vien', '265', 'MJYWO');
insert into NHANVIEN (MANV, TENNV, PHAI, NGAYSINH, DIACHI, SODT, LUONG, PHUCAP, VAITRO, MANQL, PHG) values ('006', 'Madalena Minchella', 'male', TO_DATE('2022/05/13', 'YYYY/MM/DD'), '8003 Kings Center', '6423638630', 6100, 1404, 'Nhan vien', null, 'DYRZF');
insert into NHANVIEN (MANV, TENNV, PHAI, NGAYSINH, DIACHI, SODT, LUONG, PHUCAP, VAITRO, MANQL, PHG) values ('007', 'Patrizio Watton', 'male', TO_DATE('2021/03/19', 'YYYY/MM/DD'), '2 Oak Pass', '9259684151', 5646, 3503, 'Nhan vien', null, 'MJYWO');
insert into NHANVIEN (MANV, TENNV, PHAI, NGAYSINH, DIACHI, SODT, LUONG, PHUCAP, VAITRO, MANQL, PHG) values ('008', 'Teodora Venable', 'female', TO_DATE('2023/03/10', 'YYYY/MM/DD'), '34 Jenna Hill', '1084045219', 1809, 2203, 'Nhan vien', '257', 'ESDPQ');
insert into NHANVIEN (MANV, TENNV, PHAI, NGAYSINH, DIACHI, SODT, LUONG, PHUCAP, VAITRO, MANQL, PHG) values ('009', 'Dorey Dasent', 'private', TO_DATE('2022/05/11', 'YYYY/MM/DD'), '910 Barby Junction', '1354642491', 9689, 2972, 'Nhan vien', '266', 'HDKMI');
insert into NHANVIEN (MANV, TENNV, PHAI, NGAYSINH, DIACHI, SODT, LUONG, PHUCAP, VAITRO, MANQL, PHG) values ('010', 'Natala Galway', 'private', TO_DATE('2023/01/15', 'YYYY/MM/DD'), '033 Cardinal Trail', '2716683591', 8053, 1210, 'Nhan vien', null, 'XTPAP');
insert into NHANVIEN (MANV, TENNV, PHAI, NGAYSINH, DIACHI, SODT, LUONG, PHUCAP, VAITRO, MANQL, PHG) values ('011', 'Angil Ovenell', 'female', TO_DATE('2020/09/06', 'YYYY/MM/DD'), '576 Southridge Hill', '5555999343', 3687, 3676, 'Nhan vien', null, 'XQEYO');
insert into NHANVIEN (MANV, TENNV, PHAI, NGAYSINH, DIACHI, SODT, LUONG, PHUCAP, VAITRO, MANQL, PHG) values ('012', 'Waverly Edess', 'male', TO_DATE('2022/11/23', 'YYYY/MM/DD'), '87 Lindbergh Pass', '4477798064', 5392, 2878, 'Nhan vien', null, 'ESDPQ');
insert into NHANVIEN (MANV, TENNV, PHAI, NGAYSINH, DIACHI, SODT, LUONG, PHUCAP, VAITRO, MANQL, PHG) values ('013', 'Eustace Battle', 'male', TO_DATE('2022/08/10', 'YYYY/MM/DD'), '4 Mandrake Lane', '7054590240', 6357, 2849, 'Nhan vien', null, 'RMGSC');
insert into NHANVIEN (MANV, TENNV, PHAI, NGAYSINH, DIACHI, SODT, LUONG, PHUCAP, VAITRO, MANQL, PHG) values ('014', 'Malina Semkins', 'female', TO_DATE('2021/02/28', 'YYYY/MM/DD'), '97 Merry Way', '8797994666', 8866, 1149, 'Nhan vien', null, 'ESDPQ');
insert into NHANVIEN (MANV, TENNV, PHAI, NGAYSINH, DIACHI, SODT, LUONG, PHUCAP, VAITRO, MANQL, PHG) values ('015', 'Britta Mirfin', 'male', TO_DATE('2021/04/29', 'YYYY/MM/DD'), '35 Harper Avenue', '5102212203', 1831, 2544, 'Nhan vien', null, 'DYRZF');
insert into NHANVIEN (MANV, TENNV, PHAI, NGAYSINH, DIACHI, SODT, LUONG, PHUCAP, VAITRO, MANQL, PHG) values ('016', 'Thayne Winterbotham', 'male', TO_DATE('2022/05/14', 'YYYY/MM/DD'), '8891 Warbler Point', '4028269568', 3907, 4826, 'Nhan vien', null, 'MJYWO');
insert into NHANVIEN (MANV, TENNV, PHAI, NGAYSINH, DIACHI, SODT, LUONG, PHUCAP, VAITRO, MANQL, PHG) values ('017', 'Giralda Jerromes', 'private', TO_DATE('2022/07/09', 'YYYY/MM/DD'), '4404 Sutherland Crossing', '9737534565', 4564, 3372, 'Nhan vien', '272', 'MJYWO');
insert into NHANVIEN (MANV, TENNV, PHAI, NGAYSINH, DIACHI, SODT, LUONG, PHUCAP, VAITRO, MANQL, PHG) values ('018', 'Sharron Domoni', 'private', TO_DATE('2021/01/30', 'YYYY/MM/DD'), '84653 Farragut Hill', '2423999672', 6808, 399, 'Nhan vien', null, 'XQEYO');
insert into NHANVIEN (MANV, TENNV, PHAI, NGAYSINH, DIACHI, SODT, LUONG, PHUCAP, VAITRO, MANQL, PHG) values ('019', 'Torrance Piner', 'female', TO_DATE('2022/09/13', 'YYYY/MM/DD'), '353 Oak Valley Court', '8035344474', 1884, 2892, 'Nhan vien', null, 'RMGSC');
insert into NHANVIEN (MANV, TENNV, PHAI, NGAYSINH, DIACHI, SODT, LUONG, PHUCAP, VAITRO, MANQL, PHG) values ('020', 'Frans Gilliat', 'female', TO_DATE('2020/10/31', 'YYYY/MM/DD'), '32 Beilfuss Alley', '4487118364', 3555, 3146, 'Nhan vien', null, 'HDKMI');
insert into NHANVIEN (MANV, TENNV, PHAI, NGAYSINH, DIACHI, SODT, LUONG, PHUCAP, VAITRO, MANQL, PHG) values ('021', 'Madalena Grimbaldeston', 'male', TO_DATE('2022/12/30', 'YYYY/MM/DD'), '731 Iowa Street', '3798122641', 9978, 1161, 'Nhan vien', null, 'HDKMI');
insert into NHANVIEN (MANV, TENNV, PHAI, NGAYSINH, DIACHI, SODT, LUONG, PHUCAP, VAITRO, MANQL, PHG) values ('022', 'Julee Dedam', 'male', TO_DATE('2022/09/27', 'YYYY/MM/DD'), '29128 Forest Pass', '4403887954', 3533, 1489, 'Nhan vien', null, 'HDKMI');
insert into NHANVIEN (MANV, TENNV, PHAI, NGAYSINH, DIACHI, SODT, LUONG, PHUCAP, VAITRO, MANQL, PHG) values ('023', 'Demetra Apfler', 'male', TO_DATE('2021/04/20', 'YYYY/MM/DD'), '28851 Fairfield Road', '4441086714', 5975, 3216, 'Nhan vien', null, 'JNHJJ');
insert into NHANVIEN (MANV, TENNV, PHAI, NGAYSINH, DIACHI, SODT, LUONG, PHUCAP, VAITRO, MANQL, PHG) values ('024', 'Luelle Franiak', 'female', TO_DATE('2023/01/13', 'YYYY/MM/DD'), '3 Hagan Pass', '8203969820', 2485, 3662, 'Nhan vien', null, 'MJYWO');
insert into NHANVIEN (MANV, TENNV, PHAI, NGAYSINH, DIACHI, SODT, LUONG, PHUCAP, VAITRO, MANQL, PHG) values ('025', 'Thornie Quarless', 'female', TO_DATE('2022/07/29', 'YYYY/MM/DD'), '24215 Novick Avenue', '5379359899', 2712, 269, 'Nhan vien', null, 'MJYWO');
insert into NHANVIEN (MANV, TENNV, PHAI, NGAYSINH, DIACHI, SODT, LUONG, PHUCAP, VAITRO, MANQL, PHG) values ('026', 'Darren Wigginton', 'male', TO_DATE('2021/05/31', 'YYYY/MM/DD'), '8309 Sundown Circle', '6573603828', 2269, 4697, 'Nhan vien', null, 'DYRZF');
insert into NHANVIEN (MANV, TENNV, PHAI, NGAYSINH, DIACHI, SODT, LUONG, PHUCAP, VAITRO, MANQL, PHG) values ('027', 'Prinz Warrener', 'male', TO_DATE('2022/02/12', 'YYYY/MM/DD'), '3336 Scofield Circle', '6537444098', 540, 4872, 'Nhan vien', null, 'JNHJJ');
insert into NHANVIEN (MANV, TENNV, PHAI, NGAYSINH, DIACHI, SODT, LUONG, PHUCAP, VAITRO, MANQL, PHG) values ('028', 'Lucina Yesinov', 'male', TO_DATE('2023/03/27', 'YYYY/MM/DD'), '28835 Northport Drive', '9041829104', 7853, 2514, 'Nhan vien', null, 'JNHJJ');
insert into NHANVIEN (MANV, TENNV, PHAI, NGAYSINH, DIACHI, SODT, LUONG, PHUCAP, VAITRO, MANQL, PHG) values ('029', 'Hali Falco', 'male', TO_DATE('2021/04/29', 'YYYY/MM/DD'), '70 Center Plaza', '7947876735', 3569, 3127, 'Nhan vien', '258', 'RMGSC');
insert into NHANVIEN (MANV, TENNV, PHAI, NGAYSINH, DIACHI, SODT, LUONG, PHUCAP, VAITRO, MANQL, PHG) values ('030', 'Jacynth Zielinski', 'female', TO_DATE('2021/08/31', 'YYYY/MM/DD'), '445 Glacier Hill Court', '3766093763', 4214, 1683, 'Nhan vien', null, 'XQEYO');
insert into NHANVIEN (MANV, TENNV, PHAI, NGAYSINH, DIACHI, SODT, LUONG, PHUCAP, VAITRO, MANQL, PHG) values ('031', 'Audre Hartburn', 'private', TO_DATE('2020/11/14', 'YYYY/MM/DD'), '28 Montana Center', '1113092100', 6156, 4539, 'Nhan vien', null, 'ESDPQ');
insert into NHANVIEN (MANV, TENNV, PHAI, NGAYSINH, DIACHI, SODT, LUONG, PHUCAP, VAITRO, MANQL, PHG) values ('032', 'Andrei Pollicatt', 'male', TO_DATE('2021/05/23', 'YYYY/MM/DD'), '755 Barnett Trail', '9185083672', 828, 576, 'Nhan vien', null, 'XTPAP');
insert into NHANVIEN (MANV, TENNV, PHAI, NGAYSINH, DIACHI, SODT, LUONG, PHUCAP, VAITRO, MANQL, PHG) values ('033', 'Viola Staner', 'male', TO_DATE('2021/01/12', 'YYYY/MM/DD'), '74 Northfield Crossing', '9461026876', 5822, 739, 'Nhan vien', null, 'ESDPQ');
insert into NHANVIEN (MANV, TENNV, PHAI, NGAYSINH, DIACHI, SODT, LUONG, PHUCAP, VAITRO, MANQL, PHG) values ('034', 'Laureen Moreinu', 'private', TO_DATE('2022/01/12', 'YYYY/MM/DD'), '64255 Golf View Street', '8859063916', 6551, 3962, 'Nhan vien', null, 'XTPAP');
insert into NHANVIEN (MANV, TENNV, PHAI, NGAYSINH, DIACHI, SODT, LUONG, PHUCAP, VAITRO, MANQL, PHG) values ('035', 'Angelica Foynes', 'private', TO_DATE('2023/04/18', 'YYYY/MM/DD'), '99 Nobel Circle', '2894703098', 3107, 230, 'Nhan vien', null, 'ESDPQ');
insert into NHANVIEN (MANV, TENNV, PHAI, NGAYSINH, DIACHI, SODT, LUONG, PHUCAP, VAITRO, MANQL, PHG) values ('036', 'Andres Gowdridge', 'male', TO_DATE('2021/03/21', 'YYYY/MM/DD'), '0975 Arrowood Street', '9669689092', 8074, 4337, 'Nhan vien', null, 'XTPAP');
insert into NHANVIEN (MANV, TENNV, PHAI, NGAYSINH, DIACHI, SODT, LUONG, PHUCAP, VAITRO, MANQL, PHG) values ('037', 'Deloris Harmson', 'private', TO_DATE('2022/01/04', 'YYYY/MM/DD'), '97 Oriole Parkway', '5344447078', 8187, 3610, 'Nhan vien', null, 'HDKMI');
insert into NHANVIEN (MANV, TENNV, PHAI, NGAYSINH, DIACHI, SODT, LUONG, PHUCAP, VAITRO, MANQL, PHG) values ('038', 'Chelsy Shelf', 'female', TO_DATE('2022/04/01', 'YYYY/MM/DD'), '39996 South Alley', '7347040381', 8558, 4002, 'Nhan vien', null, 'XQEYO');
insert into NHANVIEN (MANV, TENNV, PHAI, NGAYSINH, DIACHI, SODT, LUONG, PHUCAP, VAITRO, MANQL, PHG) values ('039', 'Sharon Somerbell', 'female', TO_DATE('2022/08/15', 'YYYY/MM/DD'), '87 Pearson Crossing', '7206504864', 5276, 3543, 'Nhan vien', null, 'DYRZF');
insert into NHANVIEN (MANV, TENNV, PHAI, NGAYSINH, DIACHI, SODT, LUONG, PHUCAP, VAITRO, MANQL, PHG) values ('040', 'Lenci Keal', 'private', TO_DATE('2023/01/16', 'YYYY/MM/DD'), '519 Larry Place', '4496269012', 5398, 3549, 'Nhan vien', null, 'XQEYO');
insert into NHANVIEN (MANV, TENNV, PHAI, NGAYSINH, DIACHI, SODT, LUONG, PHUCAP, VAITRO, MANQL, PHG) values ('041', 'Linnea Rosini', 'female', TO_DATE('2022/04/28', 'YYYY/MM/DD'), '0476 Sutherland Court', '6683379895', 1155, 552, 'Nhan vien', null, 'XTPAP');
insert into NHANVIEN (MANV, TENNV, PHAI, NGAYSINH, DIACHI, SODT, LUONG, PHUCAP, VAITRO, MANQL, PHG) values ('042', 'Ana Froschauer', 'private', TO_DATE('2020/11/10', 'YYYY/MM/DD'), '4 Golf Road', '2014747182', 8465, 3332, 'Nhan vien', null, 'MJYWO');
insert into NHANVIEN (MANV, TENNV, PHAI, NGAYSINH, DIACHI, SODT, LUONG, PHUCAP, VAITRO, MANQL, PHG) values ('043', 'Sonny Bernth', 'male', TO_DATE('2021/10/10', 'YYYY/MM/DD'), '5211 Arrowood Way', '3503515390', 3362, 2222, 'Nhan vien', null, 'RMGSC');
insert into NHANVIEN (MANV, TENNV, PHAI, NGAYSINH, DIACHI, SODT, LUONG, PHUCAP, VAITRO, MANQL, PHG) values ('044', 'Nat Sallans', 'male', TO_DATE('2021/05/31', 'YYYY/MM/DD'), '2307 Del Mar Circle', '1451004654', 1301, 2976, 'Nhan vien', '262', 'RMGSC');
insert into NHANVIEN (MANV, TENNV, PHAI, NGAYSINH, DIACHI, SODT, LUONG, PHUCAP, VAITRO, MANQL, PHG) values ('045', 'Horten Freezor', 'private', TO_DATE('2020/09/14', 'YYYY/MM/DD'), '6 Graedel Park', '8863429466', 4908, 416, 'Nhan vien', null, 'RMGSC');
insert into NHANVIEN (MANV, TENNV, PHAI, NGAYSINH, DIACHI, SODT, LUONG, PHUCAP, VAITRO, MANQL, PHG) values ('046', 'Kamilah Pendleton', 'private', TO_DATE('2022/01/22', 'YYYY/MM/DD'), '53273 Bobwhite Alley', '4232930495', 9945, 2553, 'Nhan vien', null, 'XQEYO');
insert into NHANVIEN (MANV, TENNV, PHAI, NGAYSINH, DIACHI, SODT, LUONG, PHUCAP, VAITRO, MANQL, PHG) values ('047', 'Jonah Garnsworth', 'male', TO_DATE('2022/09/15', 'YYYY/MM/DD'), '8424 Gale Parkway', '1227764982', 5422, 1039, 'Nhan vien', null, 'ESDPQ');
insert into NHANVIEN (MANV, TENNV, PHAI, NGAYSINH, DIACHI, SODT, LUONG, PHUCAP, VAITRO, MANQL, PHG) values ('048', 'Kelila Burgise', 'male', TO_DATE('2021/08/02', 'YYYY/MM/DD'), '76 Butternut Street', '2282349271', 2417, 1470, 'Nhan vien', null, 'HDKMI');
insert into NHANVIEN (MANV, TENNV, PHAI, NGAYSINH, DIACHI, SODT, LUONG, PHUCAP, VAITRO, MANQL, PHG) values ('049', 'Marillin Layus', 'private', TO_DATE('2022/10/17', 'YYYY/MM/DD'), '73141 Dwight Center', '5046400495', 5000, 1529, 'Nhan vien', null, 'DYRZF');
insert into NHANVIEN (MANV, TENNV, PHAI, NGAYSINH, DIACHI, SODT, LUONG, PHUCAP, VAITRO, MANQL, PHG) values ('050', 'Tiffani O''Luby', 'male', TO_DATE('2021/01/15', 'YYYY/MM/DD'), '9589 Golf Crossing', '8507829827', 8459, 4288, 'Nhan vien', '274', 'ESDPQ');
insert into NHANVIEN (MANV, TENNV, PHAI, NGAYSINH, DIACHI, SODT, LUONG, PHUCAP, VAITRO, MANQL, PHG) values ('051', 'Catina Smedmore', 'male', TO_DATE('2021/07/02', 'YYYY/MM/DD'), '8981 Old Shore Park', '7012335321', 5422, 2237, 'Nhan vien', '264', 'RMGSC');
insert into NHANVIEN (MANV, TENNV, PHAI, NGAYSINH, DIACHI, SODT, LUONG, PHUCAP, VAITRO, MANQL, PHG) values ('052', 'Meredithe Roarty', 'private', TO_DATE('2022/01/13', 'YYYY/MM/DD'), '710 Blaine Crossing', '8306239487', 3992, 3074, 'Nhan vien', null, 'JNHJJ');
insert into NHANVIEN (MANV, TENNV, PHAI, NGAYSINH, DIACHI, SODT, LUONG, PHUCAP, VAITRO, MANQL, PHG) values ('053', 'Virgie Esslemont', 'female', TO_DATE('2022/04/12', 'YYYY/MM/DD'), '45 Bayside Hill', '1459936073', 7399, 368, 'Nhan vien', null, 'JNHJJ');
insert into NHANVIEN (MANV, TENNV, PHAI, NGAYSINH, DIACHI, SODT, LUONG, PHUCAP, VAITRO, MANQL, PHG) values ('054', 'Milly Bacher', 'male', TO_DATE('2022/09/01', 'YYYY/MM/DD'), '16 Pankratz Terrace', '2211358243', 5672, 2170, 'Nhan vien', null, 'HDKMI');
insert into NHANVIEN (MANV, TENNV, PHAI, NGAYSINH, DIACHI, SODT, LUONG, PHUCAP, VAITRO, MANQL, PHG) values ('055', 'Ashlin Colegrove', 'private', TO_DATE('2022/05/16', 'YYYY/MM/DD'), '733 5th Alley', '4157128113', 5253, 4053, 'Nhan vien', null, 'XTPAP');
insert into NHANVIEN (MANV, TENNV, PHAI, NGAYSINH, DIACHI, SODT, LUONG, PHUCAP, VAITRO, MANQL, PHG) values ('056', 'Guinna Moxom', 'female', TO_DATE('2021/07/28', 'YYYY/MM/DD'), '3850 Thackeray Circle', '9123098820', 5515, 4961, 'Nhan vien', null, 'ESDPQ');
insert into NHANVIEN (MANV, TENNV, PHAI, NGAYSINH, DIACHI, SODT, LUONG, PHUCAP, VAITRO, MANQL, PHG) values ('057', 'Anabelle Broomhall', 'male', TO_DATE('2021/03/19', 'YYYY/MM/DD'), '33876 Shasta Crossing', '1866948488', 6568, 3458, 'Nhan vien', null, 'MJYWO');
insert into NHANVIEN (MANV, TENNV, PHAI, NGAYSINH, DIACHI, SODT, LUONG, PHUCAP, VAITRO, MANQL, PHG) values ('058', 'Gregor Batisse', 'male', TO_DATE('2023/03/25', 'YYYY/MM/DD'), '88 6th Center', '9647610249', 4946, 189, 'Nhan vien', null, 'HDKMI');
insert into NHANVIEN (MANV, TENNV, PHAI, NGAYSINH, DIACHI, SODT, LUONG, PHUCAP, VAITRO, MANQL, PHG) values ('059', 'Alidia Husband', 'private', TO_DATE('2022/06/19', 'YYYY/MM/DD'), '957 Clarendon Crossing', '9294923115', 6288, 2467, 'Nhan vien', null, 'RMGSC');
insert into NHANVIEN (MANV, TENNV, PHAI, NGAYSINH, DIACHI, SODT, LUONG, PHUCAP, VAITRO, MANQL, PHG) values ('060', 'Symon Chamberlen', 'private', TO_DATE('2022/09/20', 'YYYY/MM/DD'), '1 Shelley Street', '9123528094', 2131, 1531, 'Nhan vien', null, 'XQEYO');
insert into NHANVIEN (MANV, TENNV, PHAI, NGAYSINH, DIACHI, SODT, LUONG, PHUCAP, VAITRO, MANQL, PHG) values ('061', 'Rodolphe Leivesley', 'male', TO_DATE('2022/05/21', 'YYYY/MM/DD'), '0108 Ohio Lane', '3377832170', 5491, 309, 'Nhan vien', null, 'MJYWO');
insert into NHANVIEN (MANV, TENNV, PHAI, NGAYSINH, DIACHI, SODT, LUONG, PHUCAP, VAITRO, MANQL, PHG) values ('062', 'Tish Lakenden', 'female', TO_DATE('2022/05/06', 'YYYY/MM/DD'), '0737 Ronald Regan Pass', '1534159957', 7085, 2482, 'Nhan vien', null, 'DYRZF');
insert into NHANVIEN (MANV, TENNV, PHAI, NGAYSINH, DIACHI, SODT, LUONG, PHUCAP, VAITRO, MANQL, PHG) values ('063', 'Rene Sterry', 'male', TO_DATE('2022/07/19', 'YYYY/MM/DD'), '608 Cody Alley', '4687164476', 9910, 1136, 'Nhan vien', null, 'RMGSC');
insert into NHANVIEN (MANV, TENNV, PHAI, NGAYSINH, DIACHI, SODT, LUONG, PHUCAP, VAITRO, MANQL, PHG) values ('064', 'Stanford Bygrove', 'male', TO_DATE('2021/09/29', 'YYYY/MM/DD'), '5881 Charing Cross Crossing', '1853474646', 4321, 710, 'Nhan vien', null, 'RMGSC');
insert into NHANVIEN (MANV, TENNV, PHAI, NGAYSINH, DIACHI, SODT, LUONG, PHUCAP, VAITRO, MANQL, PHG) values ('065', 'Hamlin Franses', 'female', TO_DATE('2021/04/25', 'YYYY/MM/DD'), '8059 Memorial Way', '7176100577', 726, 4042, 'Nhan vien', null, 'ESDPQ');
insert into NHANVIEN (MANV, TENNV, PHAI, NGAYSINH, DIACHI, SODT, LUONG, PHUCAP, VAITRO, MANQL, PHG) values ('066', 'Archer Stamps', 'private', TO_DATE('2023/01/07', 'YYYY/MM/DD'), '5542 John Wall Trail', '7611760200', 5969, 4089, 'Nhan vien', null, 'ESDPQ');
insert into NHANVIEN (MANV, TENNV, PHAI, NGAYSINH, DIACHI, SODT, LUONG, PHUCAP, VAITRO, MANQL, PHG) values ('067', 'Briant Danher', 'private', TO_DATE('2021/07/16', 'YYYY/MM/DD'), '3 Northview Lane', '9533129758', 3847, 1962, 'Nhan vien', null, 'DYRZF');
insert into NHANVIEN (MANV, TENNV, PHAI, NGAYSINH, DIACHI, SODT, LUONG, PHUCAP, VAITRO, MANQL, PHG) values ('068', 'Chad MacAllaster', 'private', TO_DATE('2022/10/29', 'YYYY/MM/DD'), '6 Magdeline Road', '9397467292', 8030, 194, 'Nhan vien', null, 'DYRZF');
insert into NHANVIEN (MANV, TENNV, PHAI, NGAYSINH, DIACHI, SODT, LUONG, PHUCAP, VAITRO, MANQL, PHG) values ('069', 'Greta Davoren', 'female', TO_DATE('2022/08/10', 'YYYY/MM/DD'), '552 Ilene Terrace', '4022056824', 7808, 4151, 'Nhan vien', null, 'MJYWO');
insert into NHANVIEN (MANV, TENNV, PHAI, NGAYSINH, DIACHI, SODT, LUONG, PHUCAP, VAITRO, MANQL, PHG) values ('070', 'Minnnie Peoples', 'male', TO_DATE('2022/04/26', 'YYYY/MM/DD'), '33952 Loeprich Hill', '8311541716', 3488, 3026, 'Nhan vien', null, 'XQEYO');
insert into NHANVIEN (MANV, TENNV, PHAI, NGAYSINH, DIACHI, SODT, LUONG, PHUCAP, VAITRO, MANQL, PHG) values ('071', 'Kissie Hawse', 'private', TO_DATE('2022/01/08', 'YYYY/MM/DD'), '81556 Del Sol Place', '1068132500', 9997, 3085, 'Nhan vien', null, 'JNHJJ');
insert into NHANVIEN (MANV, TENNV, PHAI, NGAYSINH, DIACHI, SODT, LUONG, PHUCAP, VAITRO, MANQL, PHG) values ('072', 'Des Siviour', 'private', TO_DATE('2022/05/01', 'YYYY/MM/DD'), '01840 1st Plaza', '8752658594', 1881, 3358, 'Nhan vien', null, 'XTPAP');
insert into NHANVIEN (MANV, TENNV, PHAI, NGAYSINH, DIACHI, SODT, LUONG, PHUCAP, VAITRO, MANQL, PHG) values ('073', 'Alastair Anfosso', 'female', TO_DATE('2021/03/02', 'YYYY/MM/DD'), '6302 Walton Drive', '3424158432', 3696, 256, 'Nhan vien', null, 'RMGSC');
insert into NHANVIEN (MANV, TENNV, PHAI, NGAYSINH, DIACHI, SODT, LUONG, PHUCAP, VAITRO, MANQL, PHG) values ('074', 'Gabe Caswall', 'female', TO_DATE('2023/04/30', 'YYYY/MM/DD'), '58 Ronald Regan Crossing', '7048691541', 7641, 4607, 'Nhan vien', null, 'JNHJJ');
insert into NHANVIEN (MANV, TENNV, PHAI, NGAYSINH, DIACHI, SODT, LUONG, PHUCAP, VAITRO, MANQL, PHG) values ('075', 'Estelle Pellew', 'female', TO_DATE('2022/09/12', 'YYYY/MM/DD'), '5 Clarendon Crossing', '5249659349', 1314, 4107, 'Nhan vien', null, 'XTPAP');
insert into NHANVIEN (MANV, TENNV, PHAI, NGAYSINH, DIACHI, SODT, LUONG, PHUCAP, VAITRO, MANQL, PHG) values ('076', 'Tudor McGrane', 'female', TO_DATE('2022/10/03', 'YYYY/MM/DD'), '862 Westport Parkway', '1151875244', 8521, 2159, 'Nhan vien', null, 'XQEYO');
insert into NHANVIEN (MANV, TENNV, PHAI, NGAYSINH, DIACHI, SODT, LUONG, PHUCAP, VAITRO, MANQL, PHG) values ('077', 'Liz Coen', 'male', TO_DATE('2022/08/18', 'YYYY/MM/DD'), '913 Elka Avenue', '6238173746', 2536, 4290, 'Nhan vien', null, 'DYRZF');
insert into NHANVIEN (MANV, TENNV, PHAI, NGAYSINH, DIACHI, SODT, LUONG, PHUCAP, VAITRO, MANQL, PHG) values ('078', 'Sibbie Newham', 'private', TO_DATE('2021/03/30', 'YYYY/MM/DD'), '387 Hudson Avenue', '9483329703', 5669, 4350, 'Nhan vien', '270', 'XQEYO');
insert into NHANVIEN (MANV, TENNV, PHAI, NGAYSINH, DIACHI, SODT, LUONG, PHUCAP, VAITRO, MANQL, PHG) values ('079', 'Jerrie Petrozzi', 'female', TO_DATE('2020/12/31', 'YYYY/MM/DD'), '741 Westridge Point', '4928543020', 4110, 2465, 'Nhan vien', '266', 'HDKMI');
insert into NHANVIEN (MANV, TENNV, PHAI, NGAYSINH, DIACHI, SODT, LUONG, PHUCAP, VAITRO, MANQL, PHG) values ('080', 'Grier Massy', 'female', TO_DATE('2023/04/21', 'YYYY/MM/DD'), '7791 Kings Place', '3508187315', 4913, 4607, 'Nhan vien', null, 'XTPAP');
insert into NHANVIEN (MANV, TENNV, PHAI, NGAYSINH, DIACHI, SODT, LUONG, PHUCAP, VAITRO, MANQL, PHG) values ('081', 'Red Keppel', 'private', TO_DATE('2023/04/13', 'YYYY/MM/DD'), '907 Lighthouse Bay Trail', '4932810654', 8146, 2787, 'Nhan vien', null, 'DYRZF');
insert into NHANVIEN (MANV, TENNV, PHAI, NGAYSINH, DIACHI, SODT, LUONG, PHUCAP, VAITRO, MANQL, PHG) values ('082', 'Marylynne Dowdeswell', 'male', TO_DATE('2022/09/23', 'YYYY/MM/DD'), '843 Carey Crossing', '8461389717', 6223, 1412, 'Nhan vien', '273', 'JNHJJ');
insert into NHANVIEN (MANV, TENNV, PHAI, NGAYSINH, DIACHI, SODT, LUONG, PHUCAP, VAITRO, MANQL, PHG) values ('083', 'Gorden Kasher', 'private', TO_DATE('2023/04/25', 'YYYY/MM/DD'), '6 Manley Crossing', '6075570873', 1615, 611, 'Nhan vien', '262', 'HDKMI');
insert into NHANVIEN (MANV, TENNV, PHAI, NGAYSINH, DIACHI, SODT, LUONG, PHUCAP, VAITRO, MANQL, PHG) values ('084', 'Rriocard Piscotti', 'female', TO_DATE('2023/04/05', 'YYYY/MM/DD'), '5 Village Avenue', '1753121205', 1379, 4821, 'Nhan vien', '274', 'RMGSC');
insert into NHANVIEN (MANV, TENNV, PHAI, NGAYSINH, DIACHI, SODT, LUONG, PHUCAP, VAITRO, MANQL, PHG) values ('085', 'Tommi Osichev', 'female', TO_DATE('2022/03/19', 'YYYY/MM/DD'), '466 Manufacturers Center', '6119057003', 8360, 1864, 'Nhan vien', null, 'XTPAP');
insert into NHANVIEN (MANV, TENNV, PHAI, NGAYSINH, DIACHI, SODT, LUONG, PHUCAP, VAITRO, MANQL, PHG) values ('086', 'Gilemette Mulleary', 'private', TO_DATE('2021/07/17', 'YYYY/MM/DD'), '2676 Trailsway Road', '1269260327', 3602, 3295, 'Nhan vien', null, 'ESDPQ');
insert into NHANVIEN (MANV, TENNV, PHAI, NGAYSINH, DIACHI, SODT, LUONG, PHUCAP, VAITRO, MANQL, PHG) values ('087', 'Fritz Bownde', 'private', TO_DATE('2023/04/22', 'YYYY/MM/DD'), '28 Oakridge Avenue', '3994329168', 7872, 4157, 'Nhan vien', null, 'DYRZF');
insert into NHANVIEN (MANV, TENNV, PHAI, NGAYSINH, DIACHI, SODT, LUONG, PHUCAP, VAITRO, MANQL, PHG) values ('088', 'Torrance Goodboddy', 'female', TO_DATE('2021/12/05', 'YYYY/MM/DD'), '049 Pennsylvania Terrace', '7703862555', 6820, 3075, 'Nhan vien', null, 'HDKMI');
insert into NHANVIEN (MANV, TENNV, PHAI, NGAYSINH, DIACHI, SODT, LUONG, PHUCAP, VAITRO, MANQL, PHG) values ('089', 'Monah Barszczewski', 'private', TO_DATE('2020/12/12', 'YYYY/MM/DD'), '4 Maywood Drive', '9861409020', 745, 3567, 'Nhan vien', null, 'MJYWO');
insert into NHANVIEN (MANV, TENNV, PHAI, NGAYSINH, DIACHI, SODT, LUONG, PHUCAP, VAITRO, MANQL, PHG) values ('090', 'Maddy Hammell', 'male', TO_DATE('2022/12/21', 'YYYY/MM/DD'), '1724 Manley Trail', '1628969138', 8151, 2759, 'Nhan vien', null, 'ESDPQ');
insert into NHANVIEN (MANV, TENNV, PHAI, NGAYSINH, DIACHI, SODT, LUONG, PHUCAP, VAITRO, MANQL, PHG) values ('091', 'Deidre Mc Ilwrick', 'male', TO_DATE('2022/03/25', 'YYYY/MM/DD'), '1453 Oriole Park', '1721411184', 4575, 3497, 'Nhan vien', null, 'DYRZF');
insert into NHANVIEN (MANV, TENNV, PHAI, NGAYSINH, DIACHI, SODT, LUONG, PHUCAP, VAITRO, MANQL, PHG) values ('092', 'Clare Testro', 'female', TO_DATE('2021/12/26', 'YYYY/MM/DD'), '7675 Scoville Center', '7741144317', 4923, 3769, 'Nhan vien', null, 'MJYWO');
insert into NHANVIEN (MANV, TENNV, PHAI, NGAYSINH, DIACHI, SODT, LUONG, PHUCAP, VAITRO, MANQL, PHG) values ('093', 'Sigvard Denerley', 'private', TO_DATE('2022/11/07', 'YYYY/MM/DD'), '9009 Drewry Trail', '9699420194', 1245, 772, 'Nhan vien', null, 'MJYWO');
insert into NHANVIEN (MANV, TENNV, PHAI, NGAYSINH, DIACHI, SODT, LUONG, PHUCAP, VAITRO, MANQL, PHG) values ('094', 'Herman Balsillie', 'female', TO_DATE('2022/10/16', 'YYYY/MM/DD'), '64249 Mayer Road', '7697324647', 2023, 4114, 'Nhan vien', null, 'XQEYO');
insert into NHANVIEN (MANV, TENNV, PHAI, NGAYSINH, DIACHI, SODT, LUONG, PHUCAP, VAITRO, MANQL, PHG) values ('095', 'Carrol Gehricke', 'male', TO_DATE('2020/12/05', 'YYYY/MM/DD'), '498 Anhalt Circle', '7227590653', 1184, 3862, 'Nhan vien', null, 'MJYWO');
insert into NHANVIEN (MANV, TENNV, PHAI, NGAYSINH, DIACHI, SODT, LUONG, PHUCAP, VAITRO, MANQL, PHG) values ('096', 'Ulberto Guerriero', 'male', TO_DATE('2021/08/09', 'YYYY/MM/DD'), '031 Carpenter Place', '7757118412', 4211, 3213, 'Nhan vien', null, 'ESDPQ');
insert into NHANVIEN (MANV, TENNV, PHAI, NGAYSINH, DIACHI, SODT, LUONG, PHUCAP, VAITRO, MANQL, PHG) values ('097', 'Arlene Curley', 'male', TO_DATE('2021/02/08', 'YYYY/MM/DD'), '79044 Delaware Way', '1797866521', 4423, 4312, 'Nhan vien', null, 'XQEYO');
insert into NHANVIEN (MANV, TENNV, PHAI, NGAYSINH, DIACHI, SODT, LUONG, PHUCAP, VAITRO, MANQL, PHG) values ('098', 'Cyb Fidgett', 'private', TO_DATE('2023/01/30', 'YYYY/MM/DD'), '92437 Loeprich Court', '8799628145', 5057, 258, 'Nhan vien', null, 'DYRZF');
insert into NHANVIEN (MANV, TENNV, PHAI, NGAYSINH, DIACHI, SODT, LUONG, PHUCAP, VAITRO, MANQL, PHG) values ('099', 'Quentin Hallet', 'private', TO_DATE('2021/09/09', 'YYYY/MM/DD'), '6146 Nobel Crossing', '7154212231', 3163, 4420, 'Nhan vien', null, 'XTPAP');
insert into NHANVIEN (MANV, TENNV, PHAI, NGAYSINH, DIACHI, SODT, LUONG, PHUCAP, VAITRO, MANQL, PHG) values ('100', 'Gradey Kennaird', 'female', TO_DATE('2021/04/06', 'YYYY/MM/DD'), '5428 Alpine Junction', '8672353459', 7514, 1906, 'Nhan vien', null, 'JNHJJ');
insert into NHANVIEN (MANV, TENNV, PHAI, NGAYSINH, DIACHI, SODT, LUONG, PHUCAP, VAITRO, MANQL, PHG) values ('101', 'Terry Willoughway', 'male', TO_DATE('2020/11/19', 'YYYY/MM/DD'), '863 Dakota Court', '4285265204', 1326, 1615, 'Nhan vien', null, 'XQEYO');
insert into NHANVIEN (MANV, TENNV, PHAI, NGAYSINH, DIACHI, SODT, LUONG, PHUCAP, VAITRO, MANQL, PHG) values ('102', 'Arly Ferschke', 'private', TO_DATE('2022/08/16', 'YYYY/MM/DD'), '06 Briar Crest Junction', '1023891351', 7673, 3443, 'Nhan vien', null, 'RMGSC');
insert into NHANVIEN (MANV, TENNV, PHAI, NGAYSINH, DIACHI, SODT, LUONG, PHUCAP, VAITRO, MANQL, PHG) values ('103', 'Maryanne Pantridge', 'private', TO_DATE('2021/03/14', 'YYYY/MM/DD'), '22 Vidon Parkway', '7326814775', 7218, 903, 'Nhan vien', null, 'RMGSC');
insert into NHANVIEN (MANV, TENNV, PHAI, NGAYSINH, DIACHI, SODT, LUONG, PHUCAP, VAITRO, MANQL, PHG) values ('104', 'Norina Leeuwerink', 'female', TO_DATE('2022/08/29', 'YYYY/MM/DD'), '75 Crowley Way', '7539333050', 921, 1500, 'Nhan vien', null, 'XQEYO');
insert into NHANVIEN (MANV, TENNV, PHAI, NGAYSINH, DIACHI, SODT, LUONG, PHUCAP, VAITRO, MANQL, PHG) values ('105', 'Siobhan Seed', 'female', TO_DATE('2022/06/09', 'YYYY/MM/DD'), '45814 Welch Plaza', '1061665175', 4804, 2275, 'Nhan vien', null, 'HDKMI');
insert into NHANVIEN (MANV, TENNV, PHAI, NGAYSINH, DIACHI, SODT, LUONG, PHUCAP, VAITRO, MANQL, PHG) values ('106', 'Floria Lomasna', 'private', TO_DATE('2021/12/26', 'YYYY/MM/DD'), '44047 Warbler Trail', '6814805895', 9934, 2436, 'Nhan vien', null, 'XQEYO');
insert into NHANVIEN (MANV, TENNV, PHAI, NGAYSINH, DIACHI, SODT, LUONG, PHUCAP, VAITRO, MANQL, PHG) values ('107', 'Morganne Wadesworth', 'female', TO_DATE('2020/12/10', 'YYYY/MM/DD'), '5186 Scoville Trail', '3755868827', 3340, 1398, 'Nhan vien', '274', 'XTPAP');
insert into NHANVIEN (MANV, TENNV, PHAI, NGAYSINH, DIACHI, SODT, LUONG, PHUCAP, VAITRO, MANQL, PHG) values ('108', 'Zaria Gerrad', 'female', TO_DATE('2021/12/19', 'YYYY/MM/DD'), '7 Lakewood Gardens Avenue', '1828566478', 5800, 1534, 'Nhan vien', null, 'XQEYO');
insert into NHANVIEN (MANV, TENNV, PHAI, NGAYSINH, DIACHI, SODT, LUONG, PHUCAP, VAITRO, MANQL, PHG) values ('109', 'Merrill Duckers', 'male', TO_DATE('2023/01/15', 'YYYY/MM/DD'), '38417 Warrior Crossing', '4037883391', 4186, 614, 'Nhan vien', null, 'ESDPQ');
insert into NHANVIEN (MANV, TENNV, PHAI, NGAYSINH, DIACHI, SODT, LUONG, PHUCAP, VAITRO, MANQL, PHG) values ('110', 'Hedda Kabisch', 'female', TO_DATE('2021/05/21', 'YYYY/MM/DD'), '44499 Arrowood Junction', '3602563180', 5811, 450, 'Nhan vien', null, 'DYRZF');
insert into NHANVIEN (MANV, TENNV, PHAI, NGAYSINH, DIACHI, SODT, LUONG, PHUCAP, VAITRO, MANQL, PHG) values ('111', 'Earle Jayne', 'male', TO_DATE('2022/03/09', 'YYYY/MM/DD'), '524 Warrior Street', '1881358458', 5011, 3233, 'Nhan vien', null, 'XQEYO');
insert into NHANVIEN (MANV, TENNV, PHAI, NGAYSINH, DIACHI, SODT, LUONG, PHUCAP, VAITRO, MANQL, PHG) values ('112', 'Maggee Sheals', 'private', TO_DATE('2022/06/01', 'YYYY/MM/DD'), '80693 Autumn Leaf Circle', '7851406376', 4639, 1945, 'Nhan vien', null, 'HDKMI');
insert into NHANVIEN (MANV, TENNV, PHAI, NGAYSINH, DIACHI, SODT, LUONG, PHUCAP, VAITRO, MANQL, PHG) values ('113', 'Gearalt Courtliff', 'private', TO_DATE('2022/03/13', 'YYYY/MM/DD'), '61 Leroy Point', '6768628826', 5647, 3715, 'Nhan vien', null, 'ESDPQ');
insert into NHANVIEN (MANV, TENNV, PHAI, NGAYSINH, DIACHI, SODT, LUONG, PHUCAP, VAITRO, MANQL, PHG) values ('114', 'Jared Connechie', 'female', TO_DATE('2022/04/19', 'YYYY/MM/DD'), '413 Dayton Point', '7734239925', 3692, 3145, 'Nhan vien', null, 'RMGSC');
insert into NHANVIEN (MANV, TENNV, PHAI, NGAYSINH, DIACHI, SODT, LUONG, PHUCAP, VAITRO, MANQL, PHG) values ('115', 'Madelaine Rowet', 'private', TO_DATE('2022/11/16', 'YYYY/MM/DD'), '76041 Bluestem Junction', '5799562242', 5537, 972, 'Nhan vien', '262', 'XTPAP');
insert into NHANVIEN (MANV, TENNV, PHAI, NGAYSINH, DIACHI, SODT, LUONG, PHUCAP, VAITRO, MANQL, PHG) values ('116', 'Sephira Aslie', 'female', TO_DATE('2022/04/17', 'YYYY/MM/DD'), '759 Montana Hill', '5897279281', 3138, 681, 'Nhan vien', null, 'RMGSC');
insert into NHANVIEN (MANV, TENNV, PHAI, NGAYSINH, DIACHI, SODT, LUONG, PHUCAP, VAITRO, MANQL, PHG) values ('117', 'Fred Tunnacliffe', 'private', TO_DATE('2020/09/14', 'YYYY/MM/DD'), '0 Tennyson Road', '9043774934', 4856, 4049, 'Nhan vien', null, 'ESDPQ');
insert into NHANVIEN (MANV, TENNV, PHAI, NGAYSINH, DIACHI, SODT, LUONG, PHUCAP, VAITRO, MANQL, PHG) values ('118', 'Michaeline Sieve', 'private', TO_DATE('2022/11/25', 'YYYY/MM/DD'), '33 Rowland Way', '6004711188', 7847, 2729, 'Nhan vien', null, 'HDKMI');
insert into NHANVIEN (MANV, TENNV, PHAI, NGAYSINH, DIACHI, SODT, LUONG, PHUCAP, VAITRO, MANQL, PHG) values ('119', 'Clerkclaude Perrins', 'private', TO_DATE('2022/02/01', 'YYYY/MM/DD'), '66 Macpherson Place', '5515191233', 2359, 3898, 'Nhan vien', null, 'RMGSC');
insert into NHANVIEN (MANV, TENNV, PHAI, NGAYSINH, DIACHI, SODT, LUONG, PHUCAP, VAITRO, MANQL, PHG) values ('120', 'Mikkel Bascombe', 'male', TO_DATE('2021/02/19', 'YYYY/MM/DD'), '7 Emmet Terrace', '3756866416', 3568, 3904, 'Nhan vien', null, 'MJYWO');
insert into NHANVIEN (MANV, TENNV, PHAI, NGAYSINH, DIACHI, SODT, LUONG, PHUCAP, VAITRO, MANQL, PHG) values ('121', 'Alisun Drinkeld', 'female', TO_DATE('2021/08/11', 'YYYY/MM/DD'), '57549 Weeping Birch Street', '9362563324', 3924, 3118, 'Nhan vien', null, 'ESDPQ');
insert into NHANVIEN (MANV, TENNV, PHAI, NGAYSINH, DIACHI, SODT, LUONG, PHUCAP, VAITRO, MANQL, PHG) values ('122', 'Mira Sydall', 'female', TO_DATE('2020/09/29', 'YYYY/MM/DD'), '4 Russell Place', '9984767002', 1239, 4331, 'Nhan vien', null, 'XTPAP');
insert into NHANVIEN (MANV, TENNV, PHAI, NGAYSINH, DIACHI, SODT, LUONG, PHUCAP, VAITRO, MANQL, PHG) values ('123', 'Debor Will', 'private', TO_DATE('2021/04/03', 'YYYY/MM/DD'), '397 Birchwood Lane', '6122909927', 5089, 693, 'Nhan vien', null, 'MJYWO');
insert into NHANVIEN (MANV, TENNV, PHAI, NGAYSINH, DIACHI, SODT, LUONG, PHUCAP, VAITRO, MANQL, PHG) values ('124', 'Benedikta Wigelsworth', 'male', TO_DATE('2021/07/24', 'YYYY/MM/DD'), '1892 Columbus Alley', '9079621373', 7957, 2122, 'Nhan vien', null, 'RMGSC');
insert into NHANVIEN (MANV, TENNV, PHAI, NGAYSINH, DIACHI, SODT, LUONG, PHUCAP, VAITRO, MANQL, PHG) values ('125', 'Sayer Fernyhough', 'private', TO_DATE('2022/03/10', 'YYYY/MM/DD'), '72593 Kensington Court', '2068841512', 4094, 451, 'Nhan vien', null, 'ESDPQ');
insert into NHANVIEN (MANV, TENNV, PHAI, NGAYSINH, DIACHI, SODT, LUONG, PHUCAP, VAITRO, MANQL, PHG) values ('126', 'Lissi Chinnery', 'male', TO_DATE('2022/12/31', 'YYYY/MM/DD'), '414 Wayridge Crossing', '2161630238', 915, 3065, 'Nhan vien', null, 'XTPAP');
insert into NHANVIEN (MANV, TENNV, PHAI, NGAYSINH, DIACHI, SODT, LUONG, PHUCAP, VAITRO, MANQL, PHG) values ('127', 'Ammamaria Clandillon', 'male', TO_DATE('2021/08/04', 'YYYY/MM/DD'), '435 Glendale Place', '3845563351', 5522, 3843, 'Nhan vien', null, 'HDKMI');
insert into NHANVIEN (MANV, TENNV, PHAI, NGAYSINH, DIACHI, SODT, LUONG, PHUCAP, VAITRO, MANQL, PHG) values ('128', 'Morena Punchard', 'private', TO_DATE('2021/11/28', 'YYYY/MM/DD'), '454 Hintze Trail', '6859701738', 6121, 3038, 'Nhan vien', null, 'ESDPQ');
insert into NHANVIEN (MANV, TENNV, PHAI, NGAYSINH, DIACHI, SODT, LUONG, PHUCAP, VAITRO, MANQL, PHG) values ('129', 'Hershel Tremellan', 'female', TO_DATE('2022/10/22', 'YYYY/MM/DD'), '79523 Warbler Place', '3548886194', 7390, 3002, 'Nhan vien', null, 'DYRZF');
insert into NHANVIEN (MANV, TENNV, PHAI, NGAYSINH, DIACHI, SODT, LUONG, PHUCAP, VAITRO, MANQL, PHG) values ('130', 'Max Dener', 'male', TO_DATE('2022/07/10', 'YYYY/MM/DD'), '3606 Bultman Lane', '4102128202', 4099, 4808, 'Nhan vien', null, 'DYRZF');
insert into NHANVIEN (MANV, TENNV, PHAI, NGAYSINH, DIACHI, SODT, LUONG, PHUCAP, VAITRO, MANQL, PHG) values ('131', 'Tania Keirl', 'female', TO_DATE('2021/11/16', 'YYYY/MM/DD'), '5 Rutledge Trail', '1128842560', 7177, 3381, 'Nhan vien', null, 'MJYWO');
insert into NHANVIEN (MANV, TENNV, PHAI, NGAYSINH, DIACHI, SODT, LUONG, PHUCAP, VAITRO, MANQL, PHG) values ('132', 'Jennette Sterte', 'male', TO_DATE('2021/05/26', 'YYYY/MM/DD'), '15 Waxwing Place', '6833392142', 5155, 4286, 'Nhan vien', null, 'ESDPQ');
insert into NHANVIEN (MANV, TENNV, PHAI, NGAYSINH, DIACHI, SODT, LUONG, PHUCAP, VAITRO, MANQL, PHG) values ('133', 'Donny Maryan', 'private', TO_DATE('2022/10/15', 'YYYY/MM/DD'), '08860 Bunting Way', '4711997276', 5351, 2850, 'Nhan vien', null, 'DYRZF');
insert into NHANVIEN (MANV, TENNV, PHAI, NGAYSINH, DIACHI, SODT, LUONG, PHUCAP, VAITRO, MANQL, PHG) values ('134', 'Berrie Clancey', 'female', TO_DATE('2021/10/07', 'YYYY/MM/DD'), '6 Bartelt Way', '4852073995', 8965, 4855, 'Nhan vien', null, 'XQEYO');
insert into NHANVIEN (MANV, TENNV, PHAI, NGAYSINH, DIACHI, SODT, LUONG, PHUCAP, VAITRO, MANQL, PHG) values ('135', 'Elga Relf', 'male', TO_DATE('2022/02/28', 'YYYY/MM/DD'), '9852 Ohio Hill', '8416235985', 7485, 2305, 'Nhan vien', null, 'DYRZF');
insert into NHANVIEN (MANV, TENNV, PHAI, NGAYSINH, DIACHI, SODT, LUONG, PHUCAP, VAITRO, MANQL, PHG) values ('136', 'Betteanne Moreno', 'private', TO_DATE('2021/12/06', 'YYYY/MM/DD'), '1516 Loeprich Junction', '3083056777', 1005, 4388, 'Nhan vien', null, 'RMGSC');
insert into NHANVIEN (MANV, TENNV, PHAI, NGAYSINH, DIACHI, SODT, LUONG, PHUCAP, VAITRO, MANQL, PHG) values ('137', 'Sutherland Besset', 'male', TO_DATE('2023/02/22', 'YYYY/MM/DD'), '4325 La Follette Pass', '9394182411', 2988, 4481, 'Nhan vien', null, 'JNHJJ');
insert into NHANVIEN (MANV, TENNV, PHAI, NGAYSINH, DIACHI, SODT, LUONG, PHUCAP, VAITRO, MANQL, PHG) values ('138', 'Elsi Livingstone', 'male', TO_DATE('2022/10/27', 'YYYY/MM/DD'), '965 Hansons Hill', '4517000023', 5240, 2646, 'Nhan vien', null, 'XTPAP');
insert into NHANVIEN (MANV, TENNV, PHAI, NGAYSINH, DIACHI, SODT, LUONG, PHUCAP, VAITRO, MANQL, PHG) values ('139', 'Iosep Tapp', 'private', TO_DATE('2022/04/22', 'YYYY/MM/DD'), '6028 Mallard Way', '9911322441', 5758, 2409, 'Nhan vien', null, 'XTPAP');
insert into NHANVIEN (MANV, TENNV, PHAI, NGAYSINH, DIACHI, SODT, LUONG, PHUCAP, VAITRO, MANQL, PHG) values ('140', 'Ban Bowling', 'female', TO_DATE('2021/06/27', 'YYYY/MM/DD'), '62993 Sunfield Lane', '9685992954', 7090, 2281, 'Nhan vien', null, 'ESDPQ');
insert into NHANVIEN (MANV, TENNV, PHAI, NGAYSINH, DIACHI, SODT, LUONG, PHUCAP, VAITRO, MANQL, PHG) values ('141', 'Graig Hollingsby', 'female', TO_DATE('2021/06/07', 'YYYY/MM/DD'), '629 Cherokee Park', '5418158780', 3287, 120, 'Nhan vien', null, 'ESDPQ');
insert into NHANVIEN (MANV, TENNV, PHAI, NGAYSINH, DIACHI, SODT, LUONG, PHUCAP, VAITRO, MANQL, PHG) values ('142', 'Lida Hurton', 'female', TO_DATE('2021/01/17', 'YYYY/MM/DD'), '66 Melby Lane', '4658569007', 2413, 2234, 'Nhan vien', null, 'RMGSC');
insert into NHANVIEN (MANV, TENNV, PHAI, NGAYSINH, DIACHI, SODT, LUONG, PHUCAP, VAITRO, MANQL, PHG) values ('143', 'Letta Keller', 'private', TO_DATE('2021/04/15', 'YYYY/MM/DD'), '8 Tomscot Avenue', '7359435698', 7653, 504, 'Nhan vien', null, 'ESDPQ');
insert into NHANVIEN (MANV, TENNV, PHAI, NGAYSINH, DIACHI, SODT, LUONG, PHUCAP, VAITRO, MANQL, PHG) values ('144', 'Godfry Gerler', 'female', TO_DATE('2022/06/25', 'YYYY/MM/DD'), '024 Mayer Parkway', '9844786906', 9631, 3422, 'Nhan vien', null, 'ESDPQ');
insert into NHANVIEN (MANV, TENNV, PHAI, NGAYSINH, DIACHI, SODT, LUONG, PHUCAP, VAITRO, MANQL, PHG) values ('145', 'Arne Jewitt', 'male', TO_DATE('2022/07/29', 'YYYY/MM/DD'), '4544 Trailsway Avenue', '3852437064', 8892, 4991, 'Nhan vien', null, 'XQEYO');
insert into NHANVIEN (MANV, TENNV, PHAI, NGAYSINH, DIACHI, SODT, LUONG, PHUCAP, VAITRO, MANQL, PHG) values ('146', 'Bambie O''Caine', 'male', TO_DATE('2022/12/29', 'YYYY/MM/DD'), '17513 Dexter Street', '7193054069', 8197, 2695, 'Nhan vien', null, 'ESDPQ');
insert into NHANVIEN (MANV, TENNV, PHAI, NGAYSINH, DIACHI, SODT, LUONG, PHUCAP, VAITRO, MANQL, PHG) values ('147', 'Graehme Metham', 'male', TO_DATE('2023/04/09', 'YYYY/MM/DD'), '3 Golf View Terrace', '4365356768', 597, 2981, 'Nhan vien', null, 'ESDPQ');
insert into NHANVIEN (MANV, TENNV, PHAI, NGAYSINH, DIACHI, SODT, LUONG, PHUCAP, VAITRO, MANQL, PHG) values ('148', 'Lebbie Redihalgh', 'private', TO_DATE('2022/12/06', 'YYYY/MM/DD'), '9179 Autumn Leaf Street', '7995223176', 509, 4335, 'Nhan vien', null, 'XTPAP');
insert into NHANVIEN (MANV, TENNV, PHAI, NGAYSINH, DIACHI, SODT, LUONG, PHUCAP, VAITRO, MANQL, PHG) values ('149', 'Vince Sturge', 'private', TO_DATE('2021/12/31', 'YYYY/MM/DD'), '8 Hollow Ridge Pass', '1036736126', 7835, 1787, 'Nhan vien', null, 'XTPAP');
insert into NHANVIEN (MANV, TENNV, PHAI, NGAYSINH, DIACHI, SODT, LUONG, PHUCAP, VAITRO, MANQL, PHG) values ('150', 'Laurel Andriss', 'female', TO_DATE('2020/09/12', 'YYYY/MM/DD'), '38 Eagan Road', '6506883152', 4091, 1241, 'Nhan vien', null, 'XQEYO');
insert into NHANVIEN (MANV, TENNV, PHAI, NGAYSINH, DIACHI, SODT, LUONG, PHUCAP, VAITRO, MANQL, PHG) values ('151', 'Patrice Olenchenko', 'female', TO_DATE('2022/02/09', 'YYYY/MM/DD'), '17 Westport Drive', '4703464765', 5337, 965, 'Nhan vien', null, 'DYRZF');
insert into NHANVIEN (MANV, TENNV, PHAI, NGAYSINH, DIACHI, SODT, LUONG, PHUCAP, VAITRO, MANQL, PHG) values ('152', 'Devon Size', 'male', TO_DATE('2022/09/05', 'YYYY/MM/DD'), '8 Armistice Avenue', '5477017373', 7983, 1474, 'Nhan vien', null, 'MJYWO');
insert into NHANVIEN (MANV, TENNV, PHAI, NGAYSINH, DIACHI, SODT, LUONG, PHUCAP, VAITRO, MANQL, PHG) values ('153', 'Josy Shoemark', 'male', TO_DATE('2021/02/01', 'YYYY/MM/DD'), '02 Esch Court', '8733171657', 5787, 1346, 'Nhan vien', null, 'HDKMI');
insert into NHANVIEN (MANV, TENNV, PHAI, NGAYSINH, DIACHI, SODT, LUONG, PHUCAP, VAITRO, MANQL, PHG) values ('154', 'Sylvan Vynarde', 'male', TO_DATE('2023/04/11', 'YYYY/MM/DD'), '396 Manufacturers Trail', '6103903349', 4344, 3170, 'Nhan vien', null, 'MJYWO');
insert into NHANVIEN (MANV, TENNV, PHAI, NGAYSINH, DIACHI, SODT, LUONG, PHUCAP, VAITRO, MANQL, PHG) values ('155', 'Anatol McBean', 'male', TO_DATE('2020/11/07', 'YYYY/MM/DD'), '07497 Glendale Park', '3638877295', 1996, 1977, 'Nhan vien', null, 'ESDPQ');
insert into NHANVIEN (MANV, TENNV, PHAI, NGAYSINH, DIACHI, SODT, LUONG, PHUCAP, VAITRO, MANQL, PHG) values ('156', 'Kelsey Levins', 'female', TO_DATE('2023/03/10', 'YYYY/MM/DD'), '3 Jenifer Road', '1294848139', 1069, 1185, 'Nhan vien', null, 'HDKMI');
insert into NHANVIEN (MANV, TENNV, PHAI, NGAYSINH, DIACHI, SODT, LUONG, PHUCAP, VAITRO, MANQL, PHG) values ('157', 'Sheree Vink', 'private', TO_DATE('2022/12/04', 'YYYY/MM/DD'), '4 Brentwood Junction', '8713926690', 1072, 2342, 'Nhan vien', null, 'XQEYO');
insert into NHANVIEN (MANV, TENNV, PHAI, NGAYSINH, DIACHI, SODT, LUONG, PHUCAP, VAITRO, MANQL, PHG) values ('158', 'Wallas Broomhead', 'male', TO_DATE('2022/06/12', 'YYYY/MM/DD'), '1652 Menomonie Plaza', '6889427734', 5448, 4415, 'Nhan vien', null, 'RMGSC');
insert into NHANVIEN (MANV, TENNV, PHAI, NGAYSINH, DIACHI, SODT, LUONG, PHUCAP, VAITRO, MANQL, PHG) values ('159', 'Idalina Crickmore', 'male', TO_DATE('2021/10/13', 'YYYY/MM/DD'), '9 Daystar Junction', '7139472817', 5061, 4841, 'Nhan vien', null, 'DYRZF');
insert into NHANVIEN (MANV, TENNV, PHAI, NGAYSINH, DIACHI, SODT, LUONG, PHUCAP, VAITRO, MANQL, PHG) values ('160', 'Yorgo Rann', 'female', TO_DATE('2022/11/19', 'YYYY/MM/DD'), '71234 Roxbury Alley', '7107053360', 1893, 2283, 'Nhan vien', null, 'HDKMI');
insert into NHANVIEN (MANV, TENNV, PHAI, NGAYSINH, DIACHI, SODT, LUONG, PHUCAP, VAITRO, MANQL, PHG) values ('161', 'Sigismondo Mongin', 'male', TO_DATE('2021/10/25', 'YYYY/MM/DD'), '624 Messerschmidt Point', '4912808915', 4771, 1816, 'Nhan vien', null, 'MJYWO');
insert into NHANVIEN (MANV, TENNV, PHAI, NGAYSINH, DIACHI, SODT, LUONG, PHUCAP, VAITRO, MANQL, PHG) values ('162', 'Shane Note', 'male', TO_DATE('2020/09/03', 'YYYY/MM/DD'), '12824 Trailsway Hill', '5613238109', 2802, 2833, 'Nhan vien', null, 'XQEYO');
insert into NHANVIEN (MANV, TENNV, PHAI, NGAYSINH, DIACHI, SODT, LUONG, PHUCAP, VAITRO, MANQL, PHG) values ('163', 'Yancy Gledhill', 'male', TO_DATE('2022/01/03', 'YYYY/MM/DD'), '056 Carey Plaza', '2082508207', 8172, 3476, 'Nhan vien', null, 'MJYWO');
insert into NHANVIEN (MANV, TENNV, PHAI, NGAYSINH, DIACHI, SODT, LUONG, PHUCAP, VAITRO, MANQL, PHG) values ('164', 'Benjamen Winfindale', 'male', TO_DATE('2022/12/27', 'YYYY/MM/DD'), '2 Southridge Street', '6141154729', 4694, 1961, 'Nhan vien', null, 'RMGSC');
insert into NHANVIEN (MANV, TENNV, PHAI, NGAYSINH, DIACHI, SODT, LUONG, PHUCAP, VAITRO, MANQL, PHG) values ('165', 'Marta Morling', 'female', TO_DATE('2021/08/21', 'YYYY/MM/DD'), '5761 Troy Terrace', '2993649323', 8273, 1146, 'Nhan vien', '273', 'ESDPQ');
insert into NHANVIEN (MANV, TENNV, PHAI, NGAYSINH, DIACHI, SODT, LUONG, PHUCAP, VAITRO, MANQL, PHG) values ('166', 'Mirilla Dominec', 'female', TO_DATE('2022/01/28', 'YYYY/MM/DD'), '29 Rusk Plaza', '2855520041', 3511, 2397, 'Nhan vien', null, 'RMGSC');
insert into NHANVIEN (MANV, TENNV, PHAI, NGAYSINH, DIACHI, SODT, LUONG, PHUCAP, VAITRO, MANQL, PHG) values ('167', 'Cassandre Norvill', 'female', TO_DATE('2022/09/24', 'YYYY/MM/DD'), '00 Bartillon Place', '4041258145', 9788, 4052, 'Nhan vien', null, 'RMGSC');
insert into NHANVIEN (MANV, TENNV, PHAI, NGAYSINH, DIACHI, SODT, LUONG, PHUCAP, VAITRO, MANQL, PHG) values ('168', 'Nathalie Grice', 'male', TO_DATE('2023/03/03', 'YYYY/MM/DD'), '0 Acker Lane', '5792368123', 7503, 1443, 'Nhan vien', '258', 'XQEYO');
insert into NHANVIEN (MANV, TENNV, PHAI, NGAYSINH, DIACHI, SODT, LUONG, PHUCAP, VAITRO, MANQL, PHG) values ('169', 'Kimball Clavey', 'female', TO_DATE('2021/05/31', 'YYYY/MM/DD'), '22929 Stone Corner Trail', '6784397938', 4355, 3480, 'Nhan vien', null, 'DYRZF');
insert into NHANVIEN (MANV, TENNV, PHAI, NGAYSINH, DIACHI, SODT, LUONG, PHUCAP, VAITRO, MANQL, PHG) values ('170', 'Prudi Whiffen', 'male', TO_DATE('2022/11/02', 'YYYY/MM/DD'), '82368 Towne Road', '4991986574', 5577, 2951, 'Nhan vien', null, 'HDKMI');
insert into NHANVIEN (MANV, TENNV, PHAI, NGAYSINH, DIACHI, SODT, LUONG, PHUCAP, VAITRO, MANQL, PHG) values ('171', 'Reggie Errigo', 'male', TO_DATE('2020/10/06', 'YYYY/MM/DD'), '1812 Sherman Junction', '3558851550', 1659, 1061, 'Nhan vien', null, 'XQEYO');
insert into NHANVIEN (MANV, TENNV, PHAI, NGAYSINH, DIACHI, SODT, LUONG, PHUCAP, VAITRO, MANQL, PHG) values ('172', 'Johnnie Mealing', 'female', TO_DATE('2020/09/18', 'YYYY/MM/DD'), '7244 Sachs Hill', '4423613098', 3691, 121, 'Nhan vien', '257', 'MJYWO');
insert into NHANVIEN (MANV, TENNV, PHAI, NGAYSINH, DIACHI, SODT, LUONG, PHUCAP, VAITRO, MANQL, PHG) values ('173', 'Alphonso Puden', 'male', TO_DATE('2020/11/10', 'YYYY/MM/DD'), '79153 Eastwood Point', '3573114129', 9463, 2940, 'Nhan vien', null, 'HDKMI');
insert into NHANVIEN (MANV, TENNV, PHAI, NGAYSINH, DIACHI, SODT, LUONG, PHUCAP, VAITRO, MANQL, PHG) values ('174', 'Andree Simonelli', 'private', TO_DATE('2020/11/08', 'YYYY/MM/DD'), '434 Northport Road', '9555915006', 7369, 1276, 'Nhan vien', null, 'XQEYO');
insert into NHANVIEN (MANV, TENNV, PHAI, NGAYSINH, DIACHI, SODT, LUONG, PHUCAP, VAITRO, MANQL, PHG) values ('175', 'Adrianna Daverin', 'female', TO_DATE('2022/07/15', 'YYYY/MM/DD'), '383 Cottonwood Terrace', '5421822690', 9880, 2522, 'Nhan vien', '267', 'ESDPQ');
insert into NHANVIEN (MANV, TENNV, PHAI, NGAYSINH, DIACHI, SODT, LUONG, PHUCAP, VAITRO, MANQL, PHG) values ('176', 'Belia Roseborough', 'male', TO_DATE('2022/10/30', 'YYYY/MM/DD'), '32 Village Drive', '7552002817', 5297, 1026, 'Nhan vien', '270', 'JNHJJ');
insert into NHANVIEN (MANV, TENNV, PHAI, NGAYSINH, DIACHI, SODT, LUONG, PHUCAP, VAITRO, MANQL, PHG) values ('177', 'Marion Huband', 'private', TO_DATE('2022/05/12', 'YYYY/MM/DD'), '6 Moland Way', '5587124619', 587, 1113, 'Nhan vien', null, 'HDKMI');
insert into NHANVIEN (MANV, TENNV, PHAI, NGAYSINH, DIACHI, SODT, LUONG, PHUCAP, VAITRO, MANQL, PHG) values ('178', 'Adan Swanwick', 'male', TO_DATE('2022/04/06', 'YYYY/MM/DD'), '20107 Anthes Plaza', '9014388580', 7632, 1479, 'Nhan vien', null, 'MJYWO');
insert into NHANVIEN (MANV, TENNV, PHAI, NGAYSINH, DIACHI, SODT, LUONG, PHUCAP, VAITRO, MANQL, PHG) values ('179', 'Melanie Dyshart', 'female', TO_DATE('2023/04/28', 'YYYY/MM/DD'), '9 Blackbird Parkway', '1992156186', 1923, 4717, 'Nhan vien', null, 'ESDPQ');
insert into NHANVIEN (MANV, TENNV, PHAI, NGAYSINH, DIACHI, SODT, LUONG, PHUCAP, VAITRO, MANQL, PHG) values ('180', 'Kevin Dommett', 'female', TO_DATE('2020/09/08', 'YYYY/MM/DD'), '346 Vermont Parkway', '7832026608', 2847, 3631, 'Nhan vien', '259', 'XTPAP');
insert into NHANVIEN (MANV, TENNV, PHAI, NGAYSINH, DIACHI, SODT, LUONG, PHUCAP, VAITRO, MANQL, PHG) values ('181', 'Zelig Banbrigge', 'private', TO_DATE('2021/03/10', 'YYYY/MM/DD'), '8939 Fuller Terrace', '4372596328', 1202, 4392, 'Nhan vien', '257', 'HDKMI');
insert into NHANVIEN (MANV, TENNV, PHAI, NGAYSINH, DIACHI, SODT, LUONG, PHUCAP, VAITRO, MANQL, PHG) values ('182', 'Tiphanie Slad', 'male', TO_DATE('2023/01/04', 'YYYY/MM/DD'), '6415 Crescent Oaks Hill', '4204540958', 4545, 3827, 'Nhan vien', null, 'HDKMI');
insert into NHANVIEN (MANV, TENNV, PHAI, NGAYSINH, DIACHI, SODT, LUONG, PHUCAP, VAITRO, MANQL, PHG) values ('183', 'Lauri Constance', 'female', TO_DATE('2023/02/07', 'YYYY/MM/DD'), '0 Bunker Hill Avenue', '7656956388', 7197, 2523, 'Nhan vien', null, 'XTPAP');
insert into NHANVIEN (MANV, TENNV, PHAI, NGAYSINH, DIACHI, SODT, LUONG, PHUCAP, VAITRO, MANQL, PHG) values ('184', 'Cody Di Pietro', 'private', TO_DATE('2023/04/30', 'YYYY/MM/DD'), '43 Arizona Street', '7505461782', 8920, 4280, 'Nhan vien', null, 'HDKMI');
insert into NHANVIEN (MANV, TENNV, PHAI, NGAYSINH, DIACHI, SODT, LUONG, PHUCAP, VAITRO, MANQL, PHG) values ('185', 'Alisun Stearn', 'male', TO_DATE('2022/02/20', 'YYYY/MM/DD'), '4 Mariners Cove Junction', '4058493142', 1490, 3947, 'Nhan vien', null, 'ESDPQ');
insert into NHANVIEN (MANV, TENNV, PHAI, NGAYSINH, DIACHI, SODT, LUONG, PHUCAP, VAITRO, MANQL, PHG) values ('186', 'Hyatt MacKeogh', 'private', TO_DATE('2022/05/08', 'YYYY/MM/DD'), '664 Stang Junction', '4928045522', 3946, 2314, 'Nhan vien', null, 'MJYWO');
insert into NHANVIEN (MANV, TENNV, PHAI, NGAYSINH, DIACHI, SODT, LUONG, PHUCAP, VAITRO, MANQL, PHG) values ('187', 'Neysa Wixey', 'male', TO_DATE('2023/03/25', 'YYYY/MM/DD'), '588 Gerald Circle', '4909860546', 4880, 226, 'Nhan vien', null, 'JNHJJ');
insert into NHANVIEN (MANV, TENNV, PHAI, NGAYSINH, DIACHI, SODT, LUONG, PHUCAP, VAITRO, MANQL, PHG) values ('188', 'Falito Purseglove', 'private', TO_DATE('2022/07/01', 'YYYY/MM/DD'), '2869 Darwin Way', '1721862798', 4671, 815, 'Nhan vien', null, 'ESDPQ');
insert into NHANVIEN (MANV, TENNV, PHAI, NGAYSINH, DIACHI, SODT, LUONG, PHUCAP, VAITRO, MANQL, PHG) values ('189', 'Aloin Davidge', 'male', TO_DATE('2022/10/31', 'YYYY/MM/DD'), '80778 Moose Parkway', '3668842642', 6810, 1659, 'Nhan vien', null, 'JNHJJ');
insert into NHANVIEN (MANV, TENNV, PHAI, NGAYSINH, DIACHI, SODT, LUONG, PHUCAP, VAITRO, MANQL, PHG) values ('190', 'Cristie Bonny', 'male', TO_DATE('2021/03/17', 'YYYY/MM/DD'), '096 Springs Avenue', '1114717534', 3480, 1949, 'Nhan vien', null, 'MJYWO');
insert into NHANVIEN (MANV, TENNV, PHAI, NGAYSINH, DIACHI, SODT, LUONG, PHUCAP, VAITRO, MANQL, PHG) values ('191', 'Kassey Woodger', 'female', TO_DATE('2021/01/02', 'YYYY/MM/DD'), '8511 Fulton Parkway', '2038963795', 4667, 3032, 'Nhan vien', null, 'XTPAP');
insert into NHANVIEN (MANV, TENNV, PHAI, NGAYSINH, DIACHI, SODT, LUONG, PHUCAP, VAITRO, MANQL, PHG) values ('192', 'Brooke Crawshay', 'female', TO_DATE('2022/01/20', 'YYYY/MM/DD'), '2 Shoshone Lane', '2463719197', 4448, 4742, 'Nhan vien', null, 'JNHJJ');
insert into NHANVIEN (MANV, TENNV, PHAI, NGAYSINH, DIACHI, SODT, LUONG, PHUCAP, VAITRO, MANQL, PHG) values ('193', 'Haleigh Franzewitch', 'male', TO_DATE('2022/11/10', 'YYYY/MM/DD'), '5045 Dakota Way', '1977477996', 1252, 1068, 'Nhan vien', null, 'JNHJJ');
insert into NHANVIEN (MANV, TENNV, PHAI, NGAYSINH, DIACHI, SODT, LUONG, PHUCAP, VAITRO, MANQL, PHG) values ('194', 'Giffie Lainton', 'private', TO_DATE('2020/11/25', 'YYYY/MM/DD'), '57271 Bartelt Road', '1688773278', 8776, 2682, 'Nhan vien', null, 'MJYWO');
insert into NHANVIEN (MANV, TENNV, PHAI, NGAYSINH, DIACHI, SODT, LUONG, PHUCAP, VAITRO, MANQL, PHG) values ('195', 'Kathleen Batkin', 'female', TO_DATE('2022/03/14', 'YYYY/MM/DD'), '2 Straubel Lane', '2399049070', 7317, 1459, 'Nhan vien', null, 'MJYWO');
insert into NHANVIEN (MANV, TENNV, PHAI, NGAYSINH, DIACHI, SODT, LUONG, PHUCAP, VAITRO, MANQL, PHG) values ('196', 'Jeremy Kingsbury', 'male', TO_DATE('2022/04/18', 'YYYY/MM/DD'), '37539 Hayes Center', '4794705816', 2891, 3525, 'Nhan vien', null, 'XTPAP');
insert into NHANVIEN (MANV, TENNV, PHAI, NGAYSINH, DIACHI, SODT, LUONG, PHUCAP, VAITRO, MANQL, PHG) values ('197', 'Jase Sprasen', 'male', TO_DATE('2022/07/12', 'YYYY/MM/DD'), '7986 Carey Junction', '6882745884', 6671, 380, 'Nhan vien', null, 'DYRZF');
insert into NHANVIEN (MANV, TENNV, PHAI, NGAYSINH, DIACHI, SODT, LUONG, PHUCAP, VAITRO, MANQL, PHG) values ('198', 'Calvin Sommerville', 'female', TO_DATE('2022/01/20', 'YYYY/MM/DD'), '454 Stephen Trail', '2556838947', 5477, 1439, 'Nhan vien', null, 'MJYWO');
insert into NHANVIEN (MANV, TENNV, PHAI, NGAYSINH, DIACHI, SODT, LUONG, PHUCAP, VAITRO, MANQL, PHG) values ('199', 'Idette Sharrier', 'private', TO_DATE('2021/07/10', 'YYYY/MM/DD'), '6 New Castle Point', '5496128736', 5770, 267, 'Nhan vien', null, 'DYRZF');
insert into NHANVIEN (MANV, TENNV, PHAI, NGAYSINH, DIACHI, SODT, LUONG, PHUCAP, VAITRO, MANQL, PHG) values ('200', 'Lorine Mcall', 'private', TO_DATE('2022/12/05', 'YYYY/MM/DD'), '15 Duke Drive', '7052764739', 9190, 1621, 'Nhan vien', '271', 'ESDPQ');
insert into NHANVIEN (MANV, TENNV, PHAI, NGAYSINH, DIACHI, SODT, LUONG, PHUCAP, VAITRO, MANQL, PHG) values ('201', 'Armando Warde', 'male', TO_DATE('2021/04/18', 'YYYY/MM/DD'), '6911 Surrey Avenue', '1388995750', 4644, 501, 'Nhan vien', null, 'DYRZF');
insert into NHANVIEN (MANV, TENNV, PHAI, NGAYSINH, DIACHI, SODT, LUONG, PHUCAP, VAITRO, MANQL, PHG) values ('202', 'Davidde Pietzner', 'male', TO_DATE('2021/09/11', 'YYYY/MM/DD'), '10831 Hollow Ridge Point', '1553603663', 7612, 2546, 'Nhan vien', null, 'RMGSC');
insert into NHANVIEN (MANV, TENNV, PHAI, NGAYSINH, DIACHI, SODT, LUONG, PHUCAP, VAITRO, MANQL, PHG) values ('203', 'Krystal Levane', 'female', TO_DATE('2023/01/04', 'YYYY/MM/DD'), '702 Dunning Trail', '6363636622', 605, 1094, 'Nhan vien', null, 'RMGSC');
insert into NHANVIEN (MANV, TENNV, PHAI, NGAYSINH, DIACHI, SODT, LUONG, PHUCAP, VAITRO, MANQL, PHG) values ('204', 'Corbin Harkus', 'female', TO_DATE('2021/10/15', 'YYYY/MM/DD'), '95837 Sycamore Plaza', '7723281686', 741, 4270, 'Nhan vien', null, 'JNHJJ');
insert into NHANVIEN (MANV, TENNV, PHAI, NGAYSINH, DIACHI, SODT, LUONG, PHUCAP, VAITRO, MANQL, PHG) values ('205', 'Tadio Sarch', 'male', TO_DATE('2022/11/22', 'YYYY/MM/DD'), '896 Gale Lane', '2144497409', 4621, 2407, 'Nhan vien', '266', 'JNHJJ');
insert into NHANVIEN (MANV, TENNV, PHAI, NGAYSINH, DIACHI, SODT, LUONG, PHUCAP, VAITRO, MANQL, PHG) values ('206', 'Ozzie Bice', 'male', TO_DATE('2022/11/07', 'YYYY/MM/DD'), '9925 Grim Alley', '2546042875', 5737, 2972, 'Nhan vien', null, 'DYRZF');
insert into NHANVIEN (MANV, TENNV, PHAI, NGAYSINH, DIACHI, SODT, LUONG, PHUCAP, VAITRO, MANQL, PHG) values ('207', 'Dev Palumbo', 'male', TO_DATE('2021/08/21', 'YYYY/MM/DD'), '19997 Ridgeway Crossing', '2747965873', 4723, 2054, 'Nhan vien', null, 'DYRZF');
insert into NHANVIEN (MANV, TENNV, PHAI, NGAYSINH, DIACHI, SODT, LUONG, PHUCAP, VAITRO, MANQL, PHG) values ('208', 'Clemens Cathrae', 'female', TO_DATE('2021/04/13', 'YYYY/MM/DD'), '504 Grim Plaza', '6781096250', 827, 2160, 'Nhan vien', null, 'RMGSC');
insert into NHANVIEN (MANV, TENNV, PHAI, NGAYSINH, DIACHI, SODT, LUONG, PHUCAP, VAITRO, MANQL, PHG) values ('209', 'Adrianna Ruecastle', 'private', TO_DATE('2023/01/15', 'YYYY/MM/DD'), '191 Orin Lane', '3206559310', 2823, 661, 'Nhan vien', null, 'ESDPQ');
insert into NHANVIEN (MANV, TENNV, PHAI, NGAYSINH, DIACHI, SODT, LUONG, PHUCAP, VAITRO, MANQL, PHG) values ('210', 'Arabella Drought', 'private', TO_DATE('2020/12/14', 'YYYY/MM/DD'), '096 Bonner Park', '2608416129', 3064, 4689, 'Nhan vien', null, 'JNHJJ');
insert into NHANVIEN (MANV, TENNV, PHAI, NGAYSINH, DIACHI, SODT, LUONG, PHUCAP, VAITRO, MANQL, PHG) values ('211', 'Isidore Callister', 'male', TO_DATE('2022/06/12', 'YYYY/MM/DD'), '64 Graedel Trail', '1932216915', 7503, 1723, 'Nhan vien', null, 'RMGSC');
insert into NHANVIEN (MANV, TENNV, PHAI, NGAYSINH, DIACHI, SODT, LUONG, PHUCAP, VAITRO, MANQL, PHG) values ('212', 'Courtney Heinert', 'female', TO_DATE('2023/03/31', 'YYYY/MM/DD'), '99 Miller Place', '2647751099', 6601, 1310, 'Nhan vien', null, 'XTPAP');
insert into NHANVIEN (MANV, TENNV, PHAI, NGAYSINH, DIACHI, SODT, LUONG, PHUCAP, VAITRO, MANQL, PHG) values ('213', 'Brandi Harryman', 'female', TO_DATE('2022/04/28', 'YYYY/MM/DD'), '8 Sheridan Hill', '5439596946', 1250, 735, 'Nhan vien', null, 'DYRZF');
insert into NHANVIEN (MANV, TENNV, PHAI, NGAYSINH, DIACHI, SODT, LUONG, PHUCAP, VAITRO, MANQL, PHG) values ('214', 'Sukey Loyley', 'private', TO_DATE('2021/09/18', 'YYYY/MM/DD'), '48 Fairfield Street', '5637893949', 2864, 3815, 'Nhan vien', null, 'DYRZF');
insert into NHANVIEN (MANV, TENNV, PHAI, NGAYSINH, DIACHI, SODT, LUONG, PHUCAP, VAITRO, MANQL, PHG) values ('215', 'Theressa Bragger', 'male', TO_DATE('2021/10/02', 'YYYY/MM/DD'), '24581 Shoshone Place', '7263314466', 8327, 3704, 'Nhan vien', '270', 'HDKMI');
insert into NHANVIEN (MANV, TENNV, PHAI, NGAYSINH, DIACHI, SODT, LUONG, PHUCAP, VAITRO, MANQL, PHG) values ('216', 'Aurelea Zamudio', 'female', TO_DATE('2022/05/23', 'YYYY/MM/DD'), '750 Prairieview Lane', '7288775134', 1897, 2368, 'Nhan vien', '268', 'XTPAP');
insert into NHANVIEN (MANV, TENNV, PHAI, NGAYSINH, DIACHI, SODT, LUONG, PHUCAP, VAITRO, MANQL, PHG) values ('217', 'Janeva Bosket', 'private', TO_DATE('2022/06/12', 'YYYY/MM/DD'), '686 Bunker Hill Terrace', '6389162875', 9622, 4150, 'Nhan vien', null, 'ESDPQ');
insert into NHANVIEN (MANV, TENNV, PHAI, NGAYSINH, DIACHI, SODT, LUONG, PHUCAP, VAITRO, MANQL, PHG) values ('218', 'Giffy Miranda', 'male', TO_DATE('2021/08/05', 'YYYY/MM/DD'), '62454 Susan Drive', '6202058856', 8789, 3018, 'Nhan vien', null, 'DYRZF');
insert into NHANVIEN (MANV, TENNV, PHAI, NGAYSINH, DIACHI, SODT, LUONG, PHUCAP, VAITRO, MANQL, PHG) values ('219', 'Sibel Sifflett', 'male', TO_DATE('2022/01/21', 'YYYY/MM/DD'), '9 Rusk Alley', '2328717862', 6509, 2275, 'Nhan vien', null, 'DYRZF');
insert into NHANVIEN (MANV, TENNV, PHAI, NGAYSINH, DIACHI, SODT, LUONG, PHUCAP, VAITRO, MANQL, PHG) values ('220', 'Matteo Dewberry', 'female', TO_DATE('2022/06/14', 'YYYY/MM/DD'), '61847 Judy Way', '7588587619', 8937, 588, 'Nhan vien', null, 'RMGSC');
insert into NHANVIEN (MANV, TENNV, PHAI, NGAYSINH, DIACHI, SODT, LUONG, PHUCAP, VAITRO, MANQL, PHG) values ('221', 'Florella Keneford', 'male', TO_DATE('2022/09/09', 'YYYY/MM/DD'), '33 Anderson Hill', '3663119368', 8834, 1820, 'Nhan vien', null, 'MJYWO');
insert into NHANVIEN (MANV, TENNV, PHAI, NGAYSINH, DIACHI, SODT, LUONG, PHUCAP, VAITRO, MANQL, PHG) values ('222', 'Gifford Evins', 'male', TO_DATE('2021/12/15', 'YYYY/MM/DD'), '293 Surrey Road', '3463416460', 5827, 3994, 'Nhan vien', null, 'JNHJJ');
insert into NHANVIEN (MANV, TENNV, PHAI, NGAYSINH, DIACHI, SODT, LUONG, PHUCAP, VAITRO, MANQL, PHG) values ('223', 'Wilfrid Gladebeck', 'private', TO_DATE('2020/10/11', 'YYYY/MM/DD'), '5 Longview Circle', '2726240867', 6385, 3751, 'Nhan vien', null, 'XQEYO');
insert into NHANVIEN (MANV, TENNV, PHAI, NGAYSINH, DIACHI, SODT, LUONG, PHUCAP, VAITRO, MANQL, PHG) values ('224', 'Anni Wooland', 'private', TO_DATE('2021/02/10', 'YYYY/MM/DD'), '044 Daystar Trail', '3751120290', 4045, 351, 'Nhan vien', null, 'JNHJJ');
insert into NHANVIEN (MANV, TENNV, PHAI, NGAYSINH, DIACHI, SODT, LUONG, PHUCAP, VAITRO, MANQL, PHG) values ('225', 'Adelle Drains', 'private', TO_DATE('2021/01/13', 'YYYY/MM/DD'), '65988 Hoepker Parkway', '7942823280', 4393, 4876, 'Nhan vien', null, 'MJYWO');
insert into NHANVIEN (MANV, TENNV, PHAI, NGAYSINH, DIACHI, SODT, LUONG, PHUCAP, VAITRO, MANQL, PHG) values ('226', 'Krystalle Gaynes', 'private', TO_DATE('2021/05/10', 'YYYY/MM/DD'), '2 Novick Crossing', '1615591295', 4104, 2194, 'Nhan vien', null, 'XTPAP');
insert into NHANVIEN (MANV, TENNV, PHAI, NGAYSINH, DIACHI, SODT, LUONG, PHUCAP, VAITRO, MANQL, PHG) values ('227', 'Esma Manterfield', 'male', TO_DATE('2021/04/19', 'YYYY/MM/DD'), '4562 Derek Court', '1115448269', 7071, 1152, 'Nhan vien', null, 'XQEYO');
insert into NHANVIEN (MANV, TENNV, PHAI, NGAYSINH, DIACHI, SODT, LUONG, PHUCAP, VAITRO, MANQL, PHG) values ('228', 'Ibrahim Beveridge', 'male', TO_DATE('2022/05/21', 'YYYY/MM/DD'), '71 Hermina Terrace', '3615257625', 8345, 3668, 'Nhan vien', null, 'RMGSC');
insert into NHANVIEN (MANV, TENNV, PHAI, NGAYSINH, DIACHI, SODT, LUONG, PHUCAP, VAITRO, MANQL, PHG) values ('229', 'Adan Brownsea', 'male', TO_DATE('2022/06/04', 'YYYY/MM/DD'), '4 Crescent Oaks Park', '9206082044', 7442, 4856, 'Nhan vien', null, 'RMGSC');
insert into NHANVIEN (MANV, TENNV, PHAI, NGAYSINH, DIACHI, SODT, LUONG, PHUCAP, VAITRO, MANQL, PHG) values ('230', 'Shantee Towne', 'private', TO_DATE('2022/04/16', 'YYYY/MM/DD'), '47943 Vernon Hill', '6087166223', 3477, 2654, 'Nhan vien', null, 'XTPAP');
insert into NHANVIEN (MANV, TENNV, PHAI, NGAYSINH, DIACHI, SODT, LUONG, PHUCAP, VAITRO, MANQL, PHG) values ('231', 'Heidie Mantripp', 'male', TO_DATE('2022/02/28', 'YYYY/MM/DD'), '91 Paget Plaza', '7457029794', 1677, 3609, 'Nhan vien', null, 'XQEYO');
insert into NHANVIEN (MANV, TENNV, PHAI, NGAYSINH, DIACHI, SODT, LUONG, PHUCAP, VAITRO, MANQL, PHG) values ('232', 'Robbi Ashwood', 'male', TO_DATE('2021/12/24', 'YYYY/MM/DD'), '9 Hovde Center', '7188472703', 846, 3145, 'Nhan vien', null, 'XTPAP');
insert into NHANVIEN (MANV, TENNV, PHAI, NGAYSINH, DIACHI, SODT, LUONG, PHUCAP, VAITRO, MANQL, PHG) values ('233', 'Bealle McCarry', 'male', TO_DATE('2021/09/11', 'YYYY/MM/DD'), '301 Fordem Way', '4231780962', 4231, 319, 'Nhan vien', null, 'RMGSC');
insert into NHANVIEN (MANV, TENNV, PHAI, NGAYSINH, DIACHI, SODT, LUONG, PHUCAP, VAITRO, MANQL, PHG) values ('234', 'Marieann Oxbe', 'female', TO_DATE('2022/06/28', 'YYYY/MM/DD'), '6341 Maywood Point', '5123758579', 7101, 4604, 'Nhan vien', null, 'DYRZF');
insert into NHANVIEN (MANV, TENNV, PHAI, NGAYSINH, DIACHI, SODT, LUONG, PHUCAP, VAITRO, MANQL, PHG) values ('235', 'Kristi Speechly', 'private', TO_DATE('2023/02/21', 'YYYY/MM/DD'), '04 Luster Street', '5742148774', 9742, 3045, 'Nhan vien', null, 'XTPAP');
insert into NHANVIEN (MANV, TENNV, PHAI, NGAYSINH, DIACHI, SODT, LUONG, PHUCAP, VAITRO, MANQL, PHG) values ('236', 'Chandal Borris', 'private', TO_DATE('2023/02/16', 'YYYY/MM/DD'), '312 Tennessee Circle', '6896631579', 3264, 1456, 'Nhan vien', null, 'XTPAP');
insert into NHANVIEN (MANV, TENNV, PHAI, NGAYSINH, DIACHI, SODT, LUONG, PHUCAP, VAITRO, MANQL, PHG) values ('237', 'Broddy Inkpen', 'male', TO_DATE('2022/09/25', 'YYYY/MM/DD'), '2600 Kennedy Pass', '9583573116', 3059, 1049, 'Nhan vien', null, 'MJYWO');
insert into NHANVIEN (MANV, TENNV, PHAI, NGAYSINH, DIACHI, SODT, LUONG, PHUCAP, VAITRO, MANQL, PHG) values ('238', 'Jayson Burstowe', 'male', TO_DATE('2022/07/10', 'YYYY/MM/DD'), '58744 Dorton Way', '7289637309', 6342, 473, 'Nhan vien', null, 'XQEYO');
insert into NHANVIEN (MANV, TENNV, PHAI, NGAYSINH, DIACHI, SODT, LUONG, PHUCAP, VAITRO, MANQL, PHG) values ('239', 'Meggie MacKniely', 'female', TO_DATE('2022/11/25', 'YYYY/MM/DD'), '73 Talmadge Center', '7368950424', 8958, 3530, 'Nhan vien', null, 'XTPAP');
insert into NHANVIEN (MANV, TENNV, PHAI, NGAYSINH, DIACHI, SODT, LUONG, PHUCAP, VAITRO, MANQL, PHG) values ('240', 'Guido Ugoni', 'female', TO_DATE('2023/01/10', 'YYYY/MM/DD'), '04 Mandrake Trail', '8606457041', 3843, 729, 'Nhan vien', null, 'HDKMI');
insert into NHANVIEN (MANV, TENNV, PHAI, NGAYSINH, DIACHI, SODT, LUONG, PHUCAP, VAITRO, MANQL, PHG) values ('241', 'Lenora Glave', 'female', TO_DATE('2021/05/27', 'YYYY/MM/DD'), '48 Basil Hill', '3089280124', 2544, 4267, 'Nhan vien', null, 'RMGSC');
insert into NHANVIEN (MANV, TENNV, PHAI, NGAYSINH, DIACHI, SODT, LUONG, PHUCAP, VAITRO, MANQL, PHG) values ('242', 'Dasie Merryfield', 'male', TO_DATE('2021/02/11', 'YYYY/MM/DD'), '6 Maple Wood Trail', '6028456985', 6015, 4154, 'Nhan vien', null, 'ESDPQ');
insert into NHANVIEN (MANV, TENNV, PHAI, NGAYSINH, DIACHI, SODT, LUONG, PHUCAP, VAITRO, MANQL, PHG) values ('243', 'Myrlene Challender', 'private', TO_DATE('2022/06/15', 'YYYY/MM/DD'), '069 Gina Crossing', '6615958537', 6090, 943, 'Nhan vien', null, 'XTPAP');
insert into NHANVIEN (MANV, TENNV, PHAI, NGAYSINH, DIACHI, SODT, LUONG, PHUCAP, VAITRO, MANQL, PHG) values ('244', 'Raf Robe', 'male', TO_DATE('2020/11/06', 'YYYY/MM/DD'), '79 Pennsylvania Plaza', '4156547657', 6566, 1988, 'Nhan vien', null, 'RMGSC');
insert into NHANVIEN (MANV, TENNV, PHAI, NGAYSINH, DIACHI, SODT, LUONG, PHUCAP, VAITRO, MANQL, PHG) values ('245', 'Norean Bramwich', 'male', TO_DATE('2022/03/29', 'YYYY/MM/DD'), '2184 Hermina Road', '3977306974', 3969, 815, 'Nhan vien', null, 'HDKMI');
insert into NHANVIEN (MANV, TENNV, PHAI, NGAYSINH, DIACHI, SODT, LUONG, PHUCAP, VAITRO, MANQL, PHG) values ('246', 'Gwendolyn Cramond', 'male', TO_DATE('2023/03/04', 'YYYY/MM/DD'), '7249 Tennyson Drive', '7295867382', 6767, 2708, 'Nhan vien', null, 'DYRZF');
insert into NHANVIEN (MANV, TENNV, PHAI, NGAYSINH, DIACHI, SODT, LUONG, PHUCAP, VAITRO, MANQL, PHG) values ('247', 'Chrisse Taberer', 'private', TO_DATE('2022/06/07', 'YYYY/MM/DD'), '244 Walton Court', '2688519185', 3591, 4537, 'Nhan vien', null, 'JNHJJ');
insert into NHANVIEN (MANV, TENNV, PHAI, NGAYSINH, DIACHI, SODT, LUONG, PHUCAP, VAITRO, MANQL, PHG) values ('248', 'Simmonds Atter', 'private', TO_DATE('2022/04/15', 'YYYY/MM/DD'), '42 Transport Road', '7887782568', 1008, 4578, 'Nhan vien', null, 'RMGSC');
insert into NHANVIEN (MANV, TENNV, PHAI, NGAYSINH, DIACHI, SODT, LUONG, PHUCAP, VAITRO, MANQL, PHG) values ('249', 'Finlay Pemberton', 'female', TO_DATE('2022/06/15', 'YYYY/MM/DD'), '69850 Sauthoff Drive', '1745107962', 6672, 4492, 'Nhan vien', null, 'JNHJJ');
insert into NHANVIEN (MANV, TENNV, PHAI, NGAYSINH, DIACHI, SODT, LUONG, PHUCAP, VAITRO, MANQL, PHG) values ('250', 'Cindy Abram', 'female', TO_DATE('2023/04/03', 'YYYY/MM/DD'), '336 Montana Court', '7242680299', 742, 4948, 'Nhan vien', null, 'RMGSC');
insert into NHANVIEN (MANV, TENNV, PHAI, NGAYSINH, DIACHI, SODT, LUONG, PHUCAP, VAITRO, MANQL, PHG) values ('251', 'Maureene Diano', 'male', TO_DATE('2022/02/07', 'YYYY/MM/DD'), '09684 John Wall Park', '3533157461', 772, 4248, 'Nhan vien', null, 'DYRZF');
insert into NHANVIEN (MANV, TENNV, PHAI, NGAYSINH, DIACHI, SODT, LUONG, PHUCAP, VAITRO, MANQL, PHG) values ('252', 'Gradey Pittaway', 'female', TO_DATE('2021/05/07', 'YYYY/MM/DD'), '3 Bluejay Lane', '4225698699', 4182, 2854, 'Nhan vien', null, 'JNHJJ');
insert into NHANVIEN (MANV, TENNV, PHAI, NGAYSINH, DIACHI, SODT, LUONG, PHUCAP, VAITRO, MANQL, PHG) values ('253', 'Remington Gwinnel', 'female', TO_DATE('2020/11/29', 'YYYY/MM/DD'), '7 Pearson Circle', '9515948354', 9917, 1928, 'Nhan vien', null, 'XQEYO');
insert into NHANVIEN (MANV, TENNV, PHAI, NGAYSINH, DIACHI, SODT, LUONG, PHUCAP, VAITRO, MANQL, PHG) values ('254', 'Cassy Gargett', 'female', TO_DATE('2022/07/06', 'YYYY/MM/DD'), '0 Carioca Avenue', '1333859316', 2129, 930, 'Nhan vien', null, 'HDKMI');


-- EMPLOYEE DATA ROLE "Tai chinh"
insert into NHANVIEN (MANV, TENNV, PHAI, NGAYSINH, DIACHI, SODT, LUONG, PHUCAP, VAITRO, MANQL, PHG) values ('275', 'Angelina Trenchard', 'male', TO_DATE('2023/02/18', 'YYYY/MM/DD'), '41581 Alpine Pass', '9471329573', 4116, 867, 'Tai chinh', '270', 'RMGSC');
insert into NHANVIEN (MANV, TENNV, PHAI, NGAYSINH, DIACHI, SODT, LUONG, PHUCAP, VAITRO, MANQL, PHG) values ('276', 'Frans De Dei', 'male', TO_DATE('2020/10/04', 'YYYY/MM/DD'), '15926 Sunnyside Drive', '3869549389', 1293, 218, 'Tai chinh', '270', 'RMGSC');
insert into NHANVIEN (MANV, TENNV, PHAI, NGAYSINH, DIACHI, SODT, LUONG, PHUCAP, VAITRO, MANQL, PHG) values ('277', 'Cheslie Gontier', 'male', TO_DATE('2022/01/13', 'YYYY/MM/DD'), '7181 Service Center', '9438004172', 1663, 3815, 'Tai chinh', null, 'RMGSC');
insert into NHANVIEN (MANV, TENNV, PHAI, NGAYSINH, DIACHI, SODT, LUONG, PHUCAP, VAITRO, MANQL, PHG) values ('278', 'Flossie Finlater', 'female', TO_DATE('2021/07/11', 'YYYY/MM/DD'), '731 Barby Alley', '3939063410', 9838, 2068, 'Tai chinh', null, 'ESDPQ');
insert into NHANVIEN (MANV, TENNV, PHAI, NGAYSINH, DIACHI, SODT, LUONG, PHUCAP, VAITRO, MANQL, PHG) values ('279', 'Petronia Langrick', 'male', TO_DATE('2022/03/08', 'YYYY/MM/DD'), '7 Mallard Center', '3168047442', 9562, 119, 'Tai chinh', '273', 'HDKMI');

-- EMPLOYEE DATA ROLE "Nhan su"
insert into NHANVIEN (MANV, TENNV, PHAI, NGAYSINH, DIACHI, SODT, LUONG, PHUCAP, VAITRO, MANQL, PHG) values ('280', 'Casey Cargo', 'private', TO_DATE('2022/01/31', 'YYYY/MM/DD'), '969 Cottonwood Way', '7301166284', 9014, 3578, 'Nhan su', null, 'XTPAP');
insert into NHANVIEN (MANV, TENNV, PHAI, NGAYSINH, DIACHI, SODT, LUONG, PHUCAP, VAITRO, MANQL, PHG) values ('281', 'Chaunce Chadderton', 'female', TO_DATE('2022/06/02', 'YYYY/MM/DD'), '928 Portage Point', '9163726003', 5995, 3904, 'Nhan su', '260', 'ESDPQ');
insert into NHANVIEN (MANV, TENNV, PHAI, NGAYSINH, DIACHI, SODT, LUONG, PHUCAP, VAITRO, MANQL, PHG) values ('282', 'Andriette McCaighey', 'male', TO_DATE('2022/03/20', 'YYYY/MM/DD'), '8 Northport Crossing', '3884794428', 5066, 1122, 'Nhan su', '269', 'RMGSC');
insert into NHANVIEN (MANV, TENNV, PHAI, NGAYSINH, DIACHI, SODT, LUONG, PHUCAP, VAITRO, MANQL, PHG) values ('283', 'Branden Elgram', 'private', TO_DATE('2020/12/04', 'YYYY/MM/DD'), '42069 David Lane', '9346509604', 9200, 1399, 'Nhan su', '267', 'JNHJJ');
insert into NHANVIEN (MANV, TENNV, PHAI, NGAYSINH, DIACHI, SODT, LUONG, PHUCAP, VAITRO, MANQL, PHG) values ('284', 'Chilton Cambden', 'male', TO_DATE('2020/09/12', 'YYYY/MM/DD'), '470 Chinook Avenue', '8729126367', 8261, 3734, 'Nhan su', null, 'XQEYO');

-- EMPLOYEE DATA ROLE "Truong de an"
insert into NHANVIEN (MANV, TENNV, PHAI, NGAYSINH, DIACHI, SODT, LUONG, PHUCAP, VAITRO, MANQL, PHG) values ('285', 'Bran Kob', 'female', TO_DATE('2021/12/03', 'YYYY/MM/DD'), '8546 Linden Avenue', '5376968498', 6500, 3738, 'Truong de an', '268', 'DYRZF');
insert into NHANVIEN (MANV, TENNV, PHAI, NGAYSINH, DIACHI, SODT, LUONG, PHUCAP, VAITRO, MANQL, PHG) values ('286', 'Mischa Kaubisch', 'female', TO_DATE('2020/12/10', 'YYYY/MM/DD'), '5478 Dennis Court', '6279095504', 685, 4498, 'Truong de an', '271', 'MJYWO');
insert into NHANVIEN (MANV, TENNV, PHAI, NGAYSINH, DIACHI, SODT, LUONG, PHUCAP, VAITRO, MANQL, PHG) values ('287', 'Peggie Vanni', 'private', TO_DATE('2022/01/06', 'YYYY/MM/DD'), '548 David Terrace', '2692124001', 9984, 453, 'Truong de an', null, 'JNHJJ');

-- EMPLOYEE DATA ROLE "Ban giam doc"
insert into NHANVIEN (MANV, TENNV, PHAI, NGAYSINH, DIACHI, SODT, LUONG, PHUCAP, VAITRO, MANQL, PHG) values ('288', 'Manuel MacAlester', 'female', TO_DATE('2020/12/27', 'YYYY/MM/DD'), '27487 Milwaukee Circle', '2739975490', 9299, 3783, 'Ban giam doc', null, null);
insert into NHANVIEN (MANV, TENNV, PHAI, NGAYSINH, DIACHI, SODT, LUONG, PHUCAP, VAITRO, MANQL, PHG) values ('289', 'Samuele Denis', 'female', TO_DATE('2021/07/31', 'YYYY/MM/DD'), '74372 Kennedy Alley', '1788952981', 1745, 3472, 'Ban giam doc', null, null);
insert into NHANVIEN (MANV, TENNV, PHAI, NGAYSINH, DIACHI, SODT, LUONG, PHUCAP, VAITRO, MANQL, PHG) values ('290', 'Ignazio Wilbor', 'private', TO_DATE('2022/11/13', 'YYYY/MM/DD'), '8 Melby Street', '1479193593', 7516, 4669, 'Ban giam doc', null, null);
insert into NHANVIEN (MANV, TENNV, PHAI, NGAYSINH, DIACHI, SODT, LUONG, PHUCAP, VAITRO, MANQL, PHG) values ('291', 'Waring Frow', 'female', TO_DATE('2022/03/20', 'YYYY/MM/DD'), '0 Bobwhite Point', '4526685788', 6003, 1563, 'Ban giam doc', null, null);
insert into NHANVIEN (MANV, TENNV, PHAI, NGAYSINH, DIACHI, SODT, LUONG, PHUCAP, VAITRO, MANQL, PHG) values ('292', 'Edgardo Veque', 'private', TO_DATE('2021/08/15', 'YYYY/MM/DD'), '4 School Court', '5757529742', 6947, 4373, 'Ban giam doc', null, null);

-- EMPLOYEE DATA ROLE "Truong phong"
insert into NHANVIEN (MANV, TENNV, PHAI, NGAYSINH, DIACHI, SODT, LUONG, PHUCAP, VAITRO, MANQL, PHG) values ('293', 'Nellie Edlin', 'female', TO_DATE('2023/03/12', 'YYYY/MM/DD'), '287 Homewood Drive', '1546038092', 5000, 4035, 'Nhan vien', null, 'MJYWO');
insert into NHANVIEN (MANV, TENNV, PHAI, NGAYSINH, DIACHI, SODT, LUONG, PHUCAP, VAITRO, MANQL, PHG) values ('294', 'Dixie Osmon', 'female', TO_DATE('2021/09/30', 'YYYY/MM/DD'), '44 Southridge Alley', '5961402655', 555, 1483, 'Nhan vien', null, 'RMGSC');
insert into NHANVIEN (MANV, TENNV, PHAI, NGAYSINH, DIACHI, SODT, LUONG, PHUCAP, VAITRO, MANQL, PHG) values ('295', 'Gerta Matzke', 'private', TO_DATE('2020/12/09', 'YYYY/MM/DD'), '56 Crownhardt Circle', '7188207947', 835, 1829, 'Nhan vien', null, 'DYRZF');
insert into NHANVIEN (MANV, TENNV, PHAI, NGAYSINH, DIACHI, SODT, LUONG, PHUCAP, VAITRO, MANQL, PHG) values ('296', 'Gui Moreing', 'male', TO_DATE('2020/10/07', 'YYYY/MM/DD'), '4 Pearson Junction', '8027437840', 4249, 3171, 'Nhan vien', null, 'XTPAP');
insert into NHANVIEN (MANV, TENNV, PHAI, NGAYSINH, DIACHI, SODT, LUONG, PHUCAP, VAITRO, MANQL, PHG) values ('297', 'Giraldo Ashley', 'male', TO_DATE('2022/09/14', 'YYYY/MM/DD'), '19066 Pawling Pass', '5684765866', 6876, 4543, 'Nhan vien', null, 'XQEYO');
insert into NHANVIEN (MANV, TENNV, PHAI, NGAYSINH, DIACHI, SODT, LUONG, PHUCAP, VAITRO, MANQL, PHG) values ('298', 'Celinka Barnham', 'female', TO_DATE('2022/12/22', 'YYYY/MM/DD'), '02847 Dunning Center', '9869005495', 6935, 2169, 'Nhan vien', null, 'JNHJJ');
insert into NHANVIEN (MANV, TENNV, PHAI, NGAYSINH, DIACHI, SODT, LUONG, PHUCAP, VAITRO, MANQL, PHG) values ('299', 'Jemima Minmagh', 'private', TO_DATE('2020/09/10', 'YYYY/MM/DD'), '9031 North Court', '8401104988', 8003, 2697, 'Nhan vien', null, 'ESDPQ');
insert into NHANVIEN (MANV, TENNV, PHAI, NGAYSINH, DIACHI, SODT, LUONG, PHUCAP, VAITRO, MANQL, PHG) values ('300', 'Clywd Daines', 'male', TO_DATE('2021/10/30', 'YYYY/MM/DD'), '0499 Victoria Avenue', '6616614841', 8031, 2743, 'Nhan vien', null, 'HDKMI');

-- RETRIVE TO VERIFY

-- Set nhan vien co ma tu 293-300 lam truong phong
BEGIN
    FOR ROW IN (SELECT * FROM NHANVIEN WHERE MANV IN ('293', '294', '295', '296', '297', '298', '299', '300')) LOOP
        UPDATE PHONGBAN
        SET TRPHG = ROW.MANV
        WHERE MAPB = ROW.PHG;
    END LOOP;
END;
/
SELECT VAITRO, COUNT(VAITRO)
FROM NHANVIEN
GROUP BY VAITRO;

-- DEAN DATA
TRUNCATE TABLE DEAN;
INSERT INTO DEAN (MADA, TENDA, NGAYBD, PHONG) VALUES ('DA001', 'Gobernador Horacio Guzman International Airport Expansion Project', TO_DATE('2022-01-15', 'YYYY-MM-DD'), 'MJYWO');
INSERT INTO DEAN (MADA, TENDA, NGAYBD, PHONG) VALUES ('DA002', 'Caleta Olivia Airport Modernization Project', TO_DATE('2022-02-10', 'YYYY-MM-DD'), 'RMGSC');
INSERT INTO DEAN (MADA, TENDA, NGAYBD, PHONG) VALUES ('DA003', 'Kirsch Municipal Airport Renovation Project', TO_DATE('2022-03-20', 'YYYY-MM-DD'), 'DYRZF');
INSERT INTO DEAN (MADA, TENDA, NGAYBD, PHONG) VALUES ('DA004', 'Young Airport Terminal Expansion Project', TO_DATE('2022-04-05', 'YYYY-MM-DD'), 'XTPAP');
INSERT INTO DEAN (MADA, TENDA, NGAYBD, PHONG) VALUES ('DA005', 'Casigua El Cubo Airport Runway Extension Project', TO_DATE('2022-05-28', 'YYYY-MM-DD'), 'XQEYO');
INSERT INTO DEAN (MADA, TENDA, NGAYBD, PHONG) VALUES ('DA006', 'General Juan N Alvarez International Airport Terminal Renovation Project', TO_DATE('2022-06-12', 'YYYY-MM-DD'), 'JNHJJ');
INSERT INTO DEAN (MADA, TENDA, NGAYBD, PHONG) VALUES ('DA007', 'Zadar Airport New Terminal Construction Project', TO_DATE('2022-07-18', 'YYYY-MM-DD'), 'ESDPQ');
INSERT INTO DEAN (MADA, TENDA, NGAYBD, PHONG) VALUES ('DA008', 'Mount Swan Airport Runway Rehabilitation Project', TO_DATE('2022-08-07', 'YYYY-MM-DD'), 'HDKMI');


-- PHANCONG DATA
TRUNCATE TABLE PHANCONG;

BEGIN
    FOR ROW IN
    (
        SELECT MANV, MADA, NGAYBD
        FROM NHANVIEN, DEAN
        WHERE PHG = PHONG
    )
    LOOP
        EXECUTE IMMEDIATE 'INSERT INTO PHANCONG (MANV, MADA, THOIGIAN) VALUES (:1, :2, TO_DATE(:3, ''YYYY-MM-DD''))'
            USING ROW.MANV, ROW.MADA, TO_CHAR(ROW.NGAYBD, 'YYYY-MM-DD');
    END LOOP;
END;
/

